active_tail_tokens,checkpoint,clean_auc,config_name,dataset,effective_tokens,elapsed_seconds,final_clean_mse,final_component_decorrelation_effective_weight,final_component_decorrelation_loss,final_epsilon_loss,final_total_loss,image_size,late_half_ratio,parameter_count,path_auc,predictor_multiscale_levels,predictor_type,predictor_use_feedback,random_token_ratio,report_dir,report_path,report_type,seed,shuffled_final_ratio,steps,synthesis_mode,token_channels,token_count,train_batch_size,variant,zero_token_ratio
7,/root/autodl-tmp/CoFiTok/checkpoints/imagenet_1k_64x64_hf_k8_denoisepath_p150_light_deepsk_5k_cuda/checkpoint_final.pt,4.650959840310471,train_imagenet_1k_64x64_hf_k8_denoisepath_p150_light_deepsk_5k_cuda,imagenet_1k_64x64_hf,6.7924642032548315,140.1163773536682,0.09771554917097092,,,0.029988637194037437,0.03268291801214218,64,0.7161148662134038,272800,0.03658215781407697,2,tiny_conv,True,1.3904647827148438,imagenet_1k_64x64_hf_k8_denoisepath_p150_light_deepsk_5k_cuda,/root/autodl-tmp/CoFiTok/checkpoints/imagenet_1k_64x64_hf_k8_denoisepath_p150_light_deepsk_5k_cuda/report.json,train,139,242.01253648545168,5000,deep_decoder,16,8,32,deep_synthesis_ablation,0.052168384194374084
1,/root/autodl-tmp/CoFiTok/checkpoints/train_afhqv2_64_k8_channelmask_p150eval_5k_cuda_2026-07-09/checkpoint_final.pt,0.21436885850770132,train_afhqv2_64_k8_channelmask_p150eval_5k_cuda,afhqv2_64,1.1124385616572507,73.99322175979614,0.17412376403808594,0.0,0.0,0.0628790557384491,1.0548990964889526,64,0.0004121881711675241,81808,4.748266390391758,2,tiny_conv,True,0.5384367108345032,train_afhqv2_64_k8_channelmask_p150eval_5k_cuda_2026-07-09,/root/autodl-tmp/CoFiTok/checkpoints/train_afhqv2_64_k8_channelmask_p150eval_5k_cuda_2026-07-09/report.json,train,139,139.88142314138304,5000,restricted,16,8,32,channel_mask,0.0
7,/root/autodl-tmp/CoFiTok/checkpoints/train_afhqv2_64_k8_denoisepath_p150_light_5k_cuda_2026-07-09/checkpoint_final.pt,4.654429405927658,train_afhqv2_64_k8_denoisepath_p150_light_5k_cuda,afhqv2_64,6.818504819239168,78.96803307533264,0.125302255153656,0.0,0.0,0.036880012601614,0.04168454557657242,64,0.7272192752151208,81808,0.06434416331882988,2,tiny_conv,True,7.245628356933594,train_afhqv2_64_k8_denoisepath_p150_light_5k_cuda_2026-07-09,/root/autodl-tmp/CoFiTok/checkpoints/train_afhqv2_64_k8_denoisepath_p150_light_5k_cuda_2026-07-09/report.json,train,139,189.5073396114494,5000,restricted,16,8,32,light_denoise_path,0.0
7,/root/autodl-tmp/CoFiTok/checkpoints/train_afhqv2_64_k8_denoisepath_p150_light_cleanmono_5k_cuda_2026-07-09/checkpoint_final.pt,4.755937454955919,train_afhqv2_64_k8_denoisepath_p150_light_cleanmono_5k_cuda,afhqv2_64,6.753061678797444,79.36336970329285,0.13366040587425232,0.0,0.0,0.05441402643918991,0.06253314763307571,64,0.6974232510676817,81808,0.0665016013330647,2,tiny_conv,True,6.938644886016846,train_afhqv2_64_k8_denoisepath_p150_light_cleanmono_5k_cuda_2026-07-09,/root/autodl-tmp/CoFiTok/checkpoints/train_afhqv2_64_k8_denoisepath_p150_light_cleanmono_5k_cuda_2026-07-09/report.json,train,163,174.65762149827677,5000,restricted,16,8,32,clean_monotonic_ablation,0.0
7,/root/autodl-tmp/CoFiTok/checkpoints/train_afhqv2_64_k8_denoisepath_p150_light_deepsk_5k_cuda_2026-07-09/checkpoint_final.pt,4.6635439438479285,train_afhqv2_64_k8_denoisepath_p150_light_deepsk_5k_cuda,afhqv2_64,6.793912364252545,136.18381357192993,0.12655287981033325,0.0,0.0,0.031081698834896088,0.034003131091594696,64,0.7183186294477024,272800,0.04166295479184815,2,tiny_conv,True,1.292786955833435,train_afhqv2_64_k8_denoisepath_p150_light_deepsk_5k_cuda_2026-07-09,/root/autodl-tmp/CoFiTok/checkpoints/train_afhqv2_64_k8_denoisepath_p150_light_deepsk_5k_cuda_2026-07-09/report.json,train,139,187.60365767789733,5000,deep_decoder,16,8,32,deep_synthesis_ablation,0.05612469092011452
7,/root/autodl-tmp/CoFiTok/checkpoints/train_afhqv2_64_k8_denoisepath_p150_light_nopathprefix_5k_cuda_2026-07-09/checkpoint_final.pt,4.92322396167687,train_afhqv2_64_k8_denoisepath_p150_light_nopathprefix_5k_cuda,afhqv2_64,6.537933622885137,77.62571310997009,0.1271112859249115,0.0,0.0,0.04046797752380371,0.043897006660699844,64,0.7747512207557201,81808,0.09357279219797679,2,tiny_conv,True,6.529109001159668,train_afhqv2_64_k8_denoisepath_p150_light_nopathprefix_5k_cuda_2026-07-09,/root/autodl-tmp/CoFiTok/checkpoints/train_afhqv2_64_k8_denoisepath_p150_light_nopathprefix_5k_cuda_2026-07-09/report.json,train,157,183.2836654867933,5000,restricted,16,8,32,no_prefix_loss_ablation,0.0
7,/root/autodl-tmp/CoFiTok/checkpoints/train_afhqv2_64_k8_denoisepath_p150_light_simultaneous_5k_cuda_2026-07-09/checkpoint_final.pt,4.623815057533128,train_afhqv2_64_k8_denoisepath_p150_light_simultaneous_5k_cuda,afhqv2_64,6.846111663542767,70.78224468231201,0.12712904810905457,0.0,0.0,0.029057051986455917,0.033011071383953094,64,0.7278932269976779,76096,0.06036976232592549,2,tiny_conv,False,10.816201210021973,train_afhqv2_64_k8_denoisepath_p150_light_simultaneous_5k_cuda_2026-07-09,/root/autodl-tmp/CoFiTok/checkpoints/train_afhqv2_64_k8_denoisepath_p150_light_simultaneous_5k_cuda_2026-07-09/report.json,train,139,185.80806954380515,5000,restricted,16,8,32,simultaneous_predictor,0.0
7,/root/autodl-tmp/CoFiTok/checkpoints/train_afhqv2_64_k8_epsilononly_p150eval_5k_cuda_2026-07-09/checkpoint_final.pt,6.910753456077406,train_afhqv2_64_k8_epsilononly_p150eval_5k_cuda,afhqv2_64,5.461851498945411,73.57064700126648,0.12431623786687851,0.0,0.0,0.03638432174921036,0.03638432174921036,64,0.8399933724709179,81808,1.0117721964738198,2,tiny_conv,True,1.21678626537323,train_afhqv2_64_k8_epsilononly_p150eval_5k_cuda_2026-07-09,/root/autodl-tmp/CoFiTok/checkpoints/train_afhqv2_64_k8_epsilononly_p150eval_5k_cuda_2026-07-09/report.json,train,139,190.2129994390919,5000,restricted,16,8,32,epsilon_only,0.0
,/root/autodl-tmp/CoFiTok/checkpoints/train_cifar10_k4_1k_2026-07-07/checkpoint_final.pt,,train_cifar10_k4_1k_cuda,cifar10,,8.368223428726196,0.3538690209388733,,,0.15951071679592133,6.587213516235352,32,,74888,,2,tiny_conv,True,,train_cifar10_k4_1k_2026-07-07,/root/autodl-tmp/CoFiTok/checkpoints/train_cifar10_k4_1k_2026-07-07/report.json,train,23,,1000,restricted,16,4,64,prefix_monotonic,
1,/root/autodl-tmp/CoFiTok/checkpoints/train_cifar10_k4_channelmask_1k_2026-07-07/checkpoint_final.pt,,train_cifar10_k4_channelmask_1k_cuda,cifar10,,7.664395332336426,0.3870048224925995,,,0.1684008240699768,10.29058837890625,32,,74888,,2,tiny_conv,True,,train_cifar10_k4_channelmask_1k_2026-07-07,/root/autodl-tmp/CoFiTok/checkpoints/train_cifar10_k4_channelmask_1k_2026-07-07/report.json,train,23,,1000,restricted,16,4,64,channel_mask,
1,/root/autodl-tmp/CoFiTok/checkpoints/train_cifar10_k4_channelmask_3k_2026-07-07/checkpoint_final.pt,,train_cifar10_k4_channelmask_3k_cuda,cifar10,,21.68384337425232,0.2211540937423706,,,0.14009079337120056,1.9977524280548096,32,,74888,,2,tiny_conv,True,,train_cifar10_k4_channelmask_3k_2026-07-07,/root/autodl-tmp/CoFiTok/checkpoints/train_cifar10_k4_channelmask_3k_2026-07-07/report.json,train,23,,3000,restricted,16,4,64,channel_mask,
1,/root/autodl-tmp/CoFiTok/checkpoints/train_cifar10_k4_channelmask_soft_1k_2026-07-07/checkpoint_final.pt,,train_cifar10_k4_channelmask_soft_1k_cuda,cifar10,,7.716395616531372,0.36741113662719727,,,0.15962368249893188,8.616575241088867,32,,74888,,2,tiny_conv,True,,train_cifar10_k4_channelmask_soft_1k_2026-07-07,/root/autodl-tmp/CoFiTok/checkpoints/train_cifar10_k4_channelmask_soft_1k_2026-07-07/report.json,train,23,,1000,restricted,16,4,64,channel_mask,
1,/root/autodl-tmp/CoFiTok/checkpoints/train_cifar10_k4_channelmask_soft_energy_1k_2026-07-07/checkpoint_final.pt,,train_cifar10_k4_channelmask_soft_energy_1k_cuda,cifar10,,8.400179862976074,0.381460040807724,,,0.1621452271938324,9.128273010253906,32,,74888,,2,tiny_conv,True,,train_cifar10_k4_channelmask_soft_energy_1k_2026-07-07,/root/autodl-tmp/CoFiTok/checkpoints/train_cifar10_k4_channelmask_soft_energy_1k_2026-07-07/report.json,train,23,,1000,restricted,16,4,64,channel_mask,
2,/root/autodl-tmp/CoFiTok/checkpoints/train_cifar10_k4_energy_1k_2026-07-07/checkpoint_final.pt,,train_cifar10_k4_energy_1k_cuda,cifar10,,8.102245092391968,0.45867297053337097,,,0.15838471055030823,6.711935997009277,32,,74888,,2,tiny_conv,True,,train_cifar10_k4_energy_1k_2026-07-07,/root/autodl-tmp/CoFiTok/checkpoints/train_cifar10_k4_energy_1k_2026-07-07/report.json,train,23,,1000,restricted,16,4,64,prefix_monotonic,
2,/root/autodl-tmp/CoFiTok/checkpoints/train_cifar10_k4_multiscale_1k_2026-07-07/checkpoint_final.pt,,train_cifar10_k4_multiscale_1k_cuda,cifar10,,7.759653568267822,0.6902817487716675,,,0.17808584868907928,143.8207244873047,32,,74888,,2,tiny_conv,True,,train_cifar10_k4_multiscale_1k_2026-07-07,/root/autodl-tmp/CoFiTok/checkpoints/train_cifar10_k4_multiscale_1k_2026-07-07/report.json,train,23,,1000,restricted,16,4,64,prefix_monotonic,
2,/root/autodl-tmp/CoFiTok/checkpoints/train_cifar10_k4_multiscale_soft_1k_2026-07-07/checkpoint_final.pt,,train_cifar10_k4_multiscale_soft_1k_cuda,cifar10,,7.718410968780518,0.5662853717803955,,,0.1677769273519516,71.07404327392578,32,,74888,,2,tiny_conv,True,,train_cifar10_k4_multiscale_soft_1k_2026-07-07,/root/autodl-tmp/CoFiTok/checkpoints/train_cifar10_k4_multiscale_soft_1k_2026-07-07/report.json,train,23,,1000,restricted,16,4,64,prefix_monotonic,
1,/root/autodl-tmp/CoFiTok/checkpoints/train_cifar10_k4_prefixsample_1k_2026-07-07/checkpoint_final.pt,,train_cifar10_k4_prefixsample_1k_cuda,cifar10,,7.9234044551849365,0.3728486895561218,,,0.13474169373512268,17.880434036254883,32,,74888,,2,tiny_conv,True,,train_cifar10_k4_prefixsample_1k_2026-07-07,/root/autodl-tmp/CoFiTok/checkpoints/train_cifar10_k4_prefixsample_1k_2026-07-07/report.json,train,23,,1000,restricted,16,4,64,prefix_monotonic,
1,/root/autodl-tmp/CoFiTok/checkpoints/train_cifar10_k4_residual_1k_2026-07-07/checkpoint_final.pt,,train_cifar10_k4_residual_1k_cuda,cifar10,,8.284615516662598,0.35717806220054626,,,0.15920665860176086,6.593103408813477,32,,74888,,2,tiny_conv,True,,train_cifar10_k4_residual_1k_2026-07-07,/root/autodl-tmp/CoFiTok/checkpoints/train_cifar10_k4_residual_1k_2026-07-07/report.json,train,23,,1000,restricted,16,4,64,prefix_monotonic,
,/root/autodl-tmp/CoFiTok/checkpoints/train_cifar10_k4_smoke_2026-07-07/checkpoint_final.pt,,train_cifar10_k4_smoke_cuda,cifar10,,1.7293524742126465,1.225562572479248,,,0.28269433975219727,76.75001525878906,32,,74888,,2,tiny_conv,True,,train_cifar10_k4_smoke_2026-07-07,/root/autodl-tmp/CoFiTok/checkpoints/train_cifar10_k4_smoke_2026-07-07/report.json,train,23,,100,restricted,16,4,64,prefix_monotonic,
1,/root/autodl-tmp/CoFiTok/checkpoints/train_cifar10_k4_tailfloor_1k_2026-07-07/checkpoint_final.pt,,train_cifar10_k4_tailfloor_1k_cuda,cifar10,,8.313453435897827,0.37066715955734253,,,0.15994761884212494,7.262259006500244,32,,74888,,2,tiny_conv,True,,train_cifar10_k4_tailfloor_1k_2026-07-07,/root/autodl-tmp/CoFiTok/checkpoints/train_cifar10_k4_tailfloor_1k_2026-07-07/report.json,train,23,,1000,restricted,16,4,64,prefix_monotonic,
1,/root/autodl-tmp/CoFiTok/checkpoints/train_cifar10_k8_channelmask_3k_2026-07-07/checkpoint_final.pt,,train_cifar10_k8_channelmask_3k_cuda,cifar10,,35.50922417640686,0.19598343968391418,,,0.1448691189289093,1.0490474700927734,32,,81808,,2,tiny_conv,True,,train_cifar10_k8_channelmask_3k_2026-07-07,/root/autodl-tmp/CoFiTok/checkpoints/train_cifar10_k8_channelmask_3k_2026-07-07/report.json,train,23,,3000,restricted,16,8,64,channel_mask,
1,/root/autodl-tmp/CoFiTok/checkpoints/train_cifar10_k8_channelmask_p150eval_3k_2026-07-08/checkpoint_final.pt,0.22792492806911469,train_cifar10_k8_channelmask_p150eval_3k_cuda,cifar10,1.0863523549652676,36.27552008628845,0.2016076147556305,,,0.10694365203380585,1.5152257680892944,32,0.0003345203798033733,81808,4.958648726344109,2,tiny_conv,True,0.6405936479568481,train_cifar10_k8_channelmask_p150eval_3k_2026-07-08,/root/autodl-tmp/CoFiTok/checkpoints/train_cifar10_k8_channelmask_p150eval_3k_2026-07-08/report.json,train,137,118.91375702179612,3000,restricted,16,8,64,channel_mask,0.0
1,/root/autodl-tmp/CoFiTok/checkpoints/train_cifar10_k8_channelmask_p150eval_3k_seed2_2026-07-08/checkpoint_final.pt,0.2587032360689981,train_cifar10_k8_channelmask_p150eval_3k_seed2_cuda,cifar10,1.0962579098594605,34.03014087677002,0.22023656964302063,,,0.07048405706882477,2.4671401977539062,32,0.000558405079720012,81808,5.019766877804484,2,tiny_conv,True,0.5638591051101685,train_cifar10_k8_channelmask_p150eval_3k_seed2_2026-07-08,/root/autodl-tmp/CoFiTok/checkpoints/train_cifar10_k8_channelmask_p150eval_3k_seed2_2026-07-08/report.json,train,149,111.93867749187304,3000,restricted,16,8,64,channel_mask,0.0
7,/root/autodl-tmp/CoFiTok/checkpoints/train_cifar10_k8_denoisepath_3k_2026-07-08/checkpoint_final.pt,,train_cifar10_k8_denoisepath_3k_cuda,cifar10,,39.59349727630615,0.17089049518108368,,,0.05302943289279938,0.09496051073074341,32,0.48253652783791556,81808,,2,tiny_conv,True,,train_cifar10_k8_denoisepath_3k_2026-07-08,/root/autodl-tmp/CoFiTok/checkpoints/train_cifar10_k8_denoisepath_3k_2026-07-08/report.json,train,137,,3000,restricted,16,8,64,full_denoise_path,
7,/root/autodl-tmp/CoFiTok/checkpoints/train_cifar10_k8_denoisepath_3k_seed2_2026-07-08/checkpoint_final.pt,,train_cifar10_k8_denoisepath_3k_seed2_cuda,cifar10,,39.659119606018066,0.1616157591342926,,,0.030005905777215958,0.04410427808761597,32,0.4860841169634435,81808,,2,tiny_conv,True,,train_cifar10_k8_denoisepath_3k_seed2_2026-07-08,/root/autodl-tmp/CoFiTok/checkpoints/train_cifar10_k8_denoisepath_3k_seed2_2026-07-08/report.json,train,149,,3000,restricted,16,8,64,full_denoise_path,
7,/root/autodl-tmp/CoFiTok/checkpoints/train_cifar10_k8_denoisepath_p150_3k_2026-07-08/checkpoint_final.pt,,train_cifar10_k8_denoisepath_p150_3k_cuda,cifar10,,40.392836809158325,0.16641616821289062,,,0.05182879418134689,0.08202606439590454,32,0.7219338934926531,81808,,2,tiny_conv,True,,train_cifar10_k8_denoisepath_p150_3k_2026-07-08,/root/autodl-tmp/CoFiTok/checkpoints/train_cifar10_k8_denoisepath_p150_3k_2026-07-08/report.json,train,137,,3000,restricted,16,8,64,full_denoise_path,
7,/root/autodl-tmp/CoFiTok/checkpoints/train_cifar10_k8_denoisepath_p150_3k_seed2_2026-07-08/checkpoint_final.pt,,train_cifar10_k8_denoisepath_p150_3k_seed2_cuda,cifar10,,38.653589725494385,0.15741977095603943,,,0.0298982635140419,0.04110611602663994,32,0.7251655232785813,81808,,2,tiny_conv,True,,train_cifar10_k8_denoisepath_p150_3k_seed2_2026-07-08,/root/autodl-tmp/CoFiTok/checkpoints/train_cifar10_k8_denoisepath_p150_3k_seed2_2026-07-08/report.json,train,149,,3000,restricted,16,8,64,full_denoise_path,
7,/root/autodl-tmp/CoFiTok/checkpoints/train_cifar10_k8_denoisepath_p150_light_3k_2026-07-08/checkpoint_final.pt,4.704517333635262,train_cifar10_k8_denoisepath_p150_light_3k_cuda,cifar10,6.833542373674864,39.08198308944702,0.15795044600963593,,,0.04950535297393799,0.061871495097875595,32,0.7174600724137477,81808,0.10032521281391382,2,tiny_conv,True,5.9029364585876465,train_cifar10_k8_denoisepath_p150_light_3k_2026-07-08,/root/autodl-tmp/CoFiTok/checkpoints/train_cifar10_k8_denoisepath_p150_light_3k_2026-07-08/report.json,train,137,144.4851936461515,3000,restricted,16,8,64,light_denoise_path,0.0
7,/root/autodl-tmp/CoFiTok/checkpoints/train_cifar10_k8_denoisepath_p150_light_3k_seed2_2026-07-08/checkpoint_final.pt,4.793554542320115,train_cifar10_k8_denoisepath_p150_light_3k_seed2_cuda,cifar10,6.847324330404836,41.58069133758545,0.14878258109092712,,,0.028070783242583275,0.03268705680966377,32,0.7254445644521715,81808,0.09602397015052182,2,tiny_conv,True,5.815775394439697,train_cifar10_k8_denoisepath_p150_light_3k_seed2_2026-07-08,/root/autodl-tmp/CoFiTok/checkpoints/train_cifar10_k8_denoisepath_p150_light_3k_seed2_2026-07-08/report.json,train,149,158.33076558670678,3000,restricted,16,8,64,light_denoise_path,0.0
7,/root/autodl-tmp/CoFiTok/checkpoints/train_cifar10_k8_denoisepath_p150_light_cleanmono_3k_cuda_2026-07-10_cifar_p0/checkpoint_final.pt,4.910573734768799,train_cifar10_k8_denoisepath_p150_light_cleanmono_3k_cuda,cifar10,6.739835666518657,39.62874627113342,0.15569551289081573,0.0,0.0,0.04153314232826233,0.04934946075081825,32,0.7021447518618164,81808,0.10323328125689711,2,tiny_conv,True,5.687808036804199,train_cifar10_k8_denoisepath_p150_light_cleanmono_3k_cuda_2026-07-10_cifar_p0,/root/autodl-tmp/CoFiTok/checkpoints/train_cifar10_k8_denoisepath_p150_light_cleanmono_3k_cuda_2026-07-10_cifar_p0/report.json,train,163,150.72643828344013,3000,restricted,16,8,64,clean_monotonic_ablation,0.0
6,/root/autodl-tmp/CoFiTok/checkpoints/train_cifar10_k8_denoisepath_p150_light_decor_3k_2026-07-08/checkpoint_final.pt,5.501738375851086,train_cifar10_k8_denoisepath_p150_light_decor_3k_cuda,cifar10,5.988543353834252,52.9282591342926,0.15439531207084656,,0.20445653796195984,0.04921340197324753,0.07912500947713852,32,0.7114975264521388,81808,0.2429318997476782,2,tiny_conv,True,3.022799253463745,train_cifar10_k8_denoisepath_p150_light_decor_3k_2026-07-08,/root/autodl-tmp/CoFiTok/checkpoints/train_cifar10_k8_denoisepath_p150_light_decor_3k_2026-07-08/report.json,train,137,148.49631870305004,3000,restricted,16,8,64,component_decorrelation_ablation,0.0
7,/root/autodl-tmp/CoFiTok/checkpoints/train_cifar10_k8_denoisepath_p150_light_decorw0005_3k_2026-07-08/checkpoint_final.pt,4.872911688472543,train_cifar10_k8_denoisepath_p150_light_decorw0005_3k_cuda,cifar10,6.881000966943914,49.20137667655945,0.15763910114765167,,0.4948486089706421,0.04947463423013687,0.06501389294862747,32,0.7031399795945548,81808,0.11481736839881965,2,tiny_conv,True,5.247127532958984,train_cifar10_k8_denoisepath_p150_light_decorw0005_3k_2026-07-08,/root/autodl-tmp/CoFiTok/checkpoints/train_cifar10_k8_denoisepath_p150_light_decorw0005_3k_2026-07-08/report.json,train,137,144.70511290265102,3000,restricted,16,8,64,component_decorrelation_ablation,0.0
7,/root/autodl-tmp/CoFiTok/checkpoints/train_cifar10_k8_denoisepath_p150_light_decorw0005_sched1500w1000_3k_2026-07-08/checkpoint_final.pt,4.795213695083346,train_cifar10_k8_denoisepath_p150_light_decorw0005_sched1500w1000_3k_cuda,cifar10,6.949469467382634,44.864590883255005,0.15786749124526978,0.005,0.5215532183647156,0.04941552132368088,0.06482555717229843,32,0.7061079988045,81808,0.10863731801509857,2,tiny_conv,True,5.496904373168945,train_cifar10_k8_denoisepath_p150_light_decorw0005_sched1500w1000_3k_2026-07-08,/root/autodl-tmp/CoFiTok/checkpoints/train_cifar10_k8_denoisepath_p150_light_decorw0005_sched1500w1000_3k_2026-07-08/report.json,train,137,144.7771901666442,3000,restricted,16,8,64,component_decorrelation_ablation,0.0
7,/root/autodl-tmp/CoFiTok/checkpoints/train_cifar10_k8_denoisepath_p150_light_decorw001_3k_2026-07-08/checkpoint_final.pt,5.017047709652355,train_cifar10_k8_denoisepath_p150_light_decorw001_3k_cuda,cifar10,6.775551424835762,49.420571088790894,0.1563389003276825,,0.41779568791389465,0.049420274794101715,0.06741800159215927,32,0.6956539546160527,81808,0.1321538080062185,2,tiny_conv,True,4.710412502288818,train_cifar10_k8_denoisepath_p150_light_decorw001_3k_2026-07-08,/root/autodl-tmp/CoFiTok/checkpoints/train_cifar10_k8_denoisepath_p150_light_decorw001_3k_2026-07-08/report.json,train,137,146.46815442949998,3000,restricted,16,8,64,component_decorrelation_ablation,0.0
7,/root/autodl-tmp/CoFiTok/checkpoints/train_cifar10_k8_denoisepath_p150_light_deepsk_3k_cuda_2026-07-10_cifar_p0/checkpoint_final.pt,4.692346915602684,train_cifar10_k8_denoisepath_p150_light_deepsk_3k_cuda,cifar10,6.790080386237465,76.58705282211304,0.1521076261997223,0.0,0.0,0.04143670201301575,0.048365090042352676,32,0.7101950143169168,272800,0.058317238464951515,2,tiny_conv,True,1.1999634504318237,train_cifar10_k8_denoisepath_p150_light_deepsk_3k_cuda_2026-07-10_cifar_p0,/root/autodl-tmp/CoFiTok/checkpoints/train_cifar10_k8_denoisepath_p150_light_deepsk_3k_cuda_2026-07-10_cifar_p0/report.json,train,139,154.7857320452949,3000,deep_decoder,16,8,64,deep_synthesis_ablation,0.061934541910886765
7,/root/autodl-tmp/CoFiTok/checkpoints/train_cifar10_k8_denoisepath_p150_light_nopathprefix_3k_cuda_2026-07-10_cifar_p0/checkpoint_final.pt,4.794526810092585,train_cifar10_k8_denoisepath_p150_light_nopathprefix_3k_cuda,cifar10,6.723166762718239,41.02962040901184,0.1636475771665573,0.0,0.0,0.04617486894130707,0.05449360981583595,32,0.7548152485225129,81808,0.14724184399736778,2,tiny_conv,True,5.213213920593262,train_cifar10_k8_denoisepath_p150_light_nopathprefix_3k_cuda_2026-07-10_cifar_p0,/root/autodl-tmp/CoFiTok/checkpoints/train_cifar10_k8_denoisepath_p150_light_nopathprefix_3k_cuda_2026-07-10_cifar_p0/report.json,train,157,143.08726363918058,3000,restricted,16,8,64,no_prefix_loss_ablation,0.0
7,/root/autodl-tmp/CoFiTok/checkpoints/train_cifar10_k8_denoisepath_p150_light_simultaneous_3k_cuda_2026-07-10_cifar_p0/checkpoint_final.pt,4.554962213550295,train_cifar10_k8_denoisepath_p150_light_simultaneous_3k_cuda,cifar10,6.923969811884298,37.90613842010498,0.14482098817825317,0.0,0.0,0.03984985500574112,0.04770103469491005,32,0.7129455312755155,76096,0.09409167444599527,2,tiny_conv,False,8.216683387756348,train_cifar10_k8_denoisepath_p150_light_simultaneous_3k_cuda_2026-07-10_cifar_p0,/root/autodl-tmp/CoFiTok/checkpoints/train_cifar10_k8_denoisepath_p150_light_simultaneous_3k_cuda_2026-07-10_cifar_p0/report.json,train,139,162.72650742295426,3000,restricted,16,8,64,simultaneous_predictor,0.0
3,/root/autodl-tmp/CoFiTok/checkpoints/train_cifar10_k8_epsilonband_3k_2026-07-08/checkpoint_final.pt,,train_cifar10_k8_epsilonband_3k_cuda,cifar10,,37.23449110984802,0.15916743874549866,,,0.04909403249621391,0.08216696977615356,32,0.9987503364454908,81808,,2,tiny_conv,True,,train_cifar10_k8_epsilonband_3k_2026-07-08,/root/autodl-tmp/CoFiTok/checkpoints/train_cifar10_k8_epsilonband_3k_2026-07-08/report.json,train,137,,3000,restricted,16,8,64,epsilon_band,
1,/root/autodl-tmp/CoFiTok/checkpoints/train_cifar10_k8_epsilonband_hybrid_3k_2026-07-08/checkpoint_final.pt,,train_cifar10_k8_epsilonband_hybrid_3k_cuda,cifar10,,38.02777934074402,0.3535870909690857,,,0.07342361658811569,0.6484419703483582,32,0.7146118934798475,81808,,2,tiny_conv,True,,train_cifar10_k8_epsilonband_hybrid_3k_2026-07-08,/root/autodl-tmp/CoFiTok/checkpoints/train_cifar10_k8_epsilonband_hybrid_3k_2026-07-08/report.json,train,137,,3000,restricted,16,8,64,epsilon_band,
7,/root/autodl-tmp/CoFiTok/checkpoints/train_cifar10_k8_epsilononly_p150eval_3k_2026-07-08/checkpoint_final.pt,6.512262257082122,train_cifar10_k8_epsilononly_p150eval_3k_cuda,cifar10,5.239594120065179,33.61881470680237,0.1565692126750946,,,0.047751761972904205,0.047751761972904205,32,0.8527962829404001,81808,0.8030387711312089,2,tiny_conv,True,1.3841817378997803,train_cifar10_k8_epsilononly_p150eval_3k_2026-07-08,/root/autodl-tmp/CoFiTok/checkpoints/train_cifar10_k8_epsilononly_p150eval_3k_2026-07-08/report.json,train,137,147.98403910772652,3000,restricted,16,8,64,epsilon_only,0.0
6,/root/autodl-tmp/CoFiTok/checkpoints/train_cifar10_k8_epsilononly_p150eval_3k_seed2_2026-07-08/checkpoint_final.pt,7.204399468643325,train_cifar10_k8_epsilononly_p150eval_3k_seed2_cuda,cifar10,5.159063349338261,37.355276584625244,0.1417386829853058,,,0.0274965800344944,0.0274965800344944,32,0.8829954925402494,81808,1.3022162999425615,2,tiny_conv,True,1.0892466306686401,train_cifar10_k8_epsilononly_p150eval_3k_seed2_2026-07-08,/root/autodl-tmp/CoFiTok/checkpoints/train_cifar10_k8_epsilononly_p150eval_3k_seed2_2026-07-08/report.json,train,149,166.39300784846637,3000,restricted,16,8,64,epsilon_only,0.0
1,/root/autodl-tmp/CoFiTok/checkpoints/train_cifar10_k8_groupres_3k_2026-07-07/checkpoint_final.pt,,train_cifar10_k8_groupres_3k_cuda,cifar10,,37.655129194259644,0.1895759552717209,,,0.13260212540626526,1.458282470703125,32,,81808,,2,tiny_conv,True,,train_cifar10_k8_groupres_3k_2026-07-07,/root/autodl-tmp/CoFiTok/checkpoints/train_cifar10_k8_groupres_3k_2026-07-07/report.json,train,23,,3000,restricted,16,8,64,prefix_monotonic,
1,/root/autodl-tmp/CoFiTok/checkpoints/train_cifar10_k8_tailstage_2k_2026-07-07/checkpoint_final.pt,,train_cifar10_k8_tailstage_2k_cuda,cifar10,,8.801705598831177,0.2237413227558136,,,0.1514025628566742,,32,0.013360466578902434,81808,,2,tiny_conv,True,,train_cifar10_k8_tailstage_2k_2026-07-07,/root/autodl-tmp/CoFiTok/checkpoints/train_cifar10_k8_tailstage_2k_2026-07-07/report.json,train,29,,2000,restricted,16,8,64,prefix_monotonic,
1,/root/autodl-tmp/CoFiTok/checkpoints/train_cifar10_k8_tailstage_anneal_guard_1200_2026-07-07/checkpoint_final.pt,,train_cifar10_k8_tailstage_anneal_guard_1200_cuda,cifar10,,9.48937439918518,0.19014975428581238,,,0.08867114782333374,0.4001782238483429,32,0.0021661909959159718,81808,,2,tiny_conv,True,,train_cifar10_k8_tailstage_anneal_guard_1200_2026-07-07,/root/autodl-tmp/CoFiTok/checkpoints/train_cifar10_k8_tailstage_anneal_guard_1200_2026-07-07/report.json,train,31,,1200,restricted,16,8,64,prefix_monotonic,
1,/root/autodl-tmp/CoFiTok/checkpoints/train_cifar10_k8_tailstage_earlydrop_guard_2k_2026-07-07/checkpoint_final.pt,,train_cifar10_k8_tailstage_earlydrop_guard_2k_cuda,cifar10,,20.89077615737915,0.20231026411056519,,,0.09115280210971832,0.3549644351005554,32,0.0026747536756934246,81808,,2,tiny_conv,True,,train_cifar10_k8_tailstage_earlydrop_guard_2k_2026-07-07,/root/autodl-tmp/CoFiTok/checkpoints/train_cifar10_k8_tailstage_earlydrop_guard_2k_2026-07-07/report.json,train,37,,2000,restricted,16,8,64,prefix_monotonic,
1,/root/autodl-tmp/CoFiTok/checkpoints/train_cifar10_k8_tailstage_guard_2k_2026-07-07/checkpoint_final.pt,,train_cifar10_k8_tailstage_guard_2k_cuda,cifar10,,14.88387393951416,0.20666846632957458,,,0.17268840968608856,0.9493680000305176,32,0.0021273036730934804,81808,,2,tiny_conv,True,,train_cifar10_k8_tailstage_guard_2k_2026-07-07,/root/autodl-tmp/CoFiTok/checkpoints/train_cifar10_k8_tailstage_guard_2k_2026-07-07/report.json,train,29,,2000,restricted,16,8,64,prefix_monotonic,
1,/root/autodl-tmp/CoFiTok/checkpoints/train_cifar10_k8_tailstage_replay_endpoint_1200_2026-07-07/checkpoint_final.pt,,train_cifar10_k8_tailstage_replay_endpoint_1200_cuda,cifar10,,8.474037885665894,0.2074981927871704,,,0.1257675141096115,0.243696391582489,32,0.006307731716887017,81808,,2,tiny_conv,True,,train_cifar10_k8_tailstage_replay_endpoint_1200_2026-07-07,/root/autodl-tmp/CoFiTok/checkpoints/train_cifar10_k8_tailstage_replay_endpoint_1200_2026-07-07/report.json,train,53,,1200,restricted,16,8,64,other,
1,/root/autodl-tmp/CoFiTok/checkpoints/train_cifar10_k8_tailstage_replay_guard_1200_2026-07-07/checkpoint_final.pt,,train_cifar10_k8_tailstage_replay_guard_1200_cuda,cifar10,,12.916747331619263,0.19088825583457947,,,0.09320090711116791,0.2546839714050293,32,0.002088737799660105,81808,,2,tiny_conv,True,,train_cifar10_k8_tailstage_replay_guard_1200_2026-07-07,/root/autodl-tmp/CoFiTok/checkpoints/train_cifar10_k8_tailstage_replay_guard_1200_2026-07-07/report.json,train,41,,1200,restricted,16,8,64,prefix_monotonic,
1,/root/autodl-tmp/CoFiTok/checkpoints/train_cifar10_k8_tailstage_replay_guard_strong_1200_2026-07-07/checkpoint_final.pt,,train_cifar10_k8_tailstage_replay_guard_strong_1200_cuda,cifar10,,11.736818790435791,0.19976195693016052,,,0.11214432120323181,0.3455469310283661,32,0.004857403125424221,81808,,2,tiny_conv,True,,train_cifar10_k8_tailstage_replay_guard_strong_1200_2026-07-07,/root/autodl-tmp/CoFiTok/checkpoints/train_cifar10_k8_tailstage_replay_guard_strong_1200_2026-07-07/report.json,train,43,,1200,restricted,16,8,64,prefix_monotonic,
1,/root/autodl-tmp/CoFiTok/checkpoints/train_cifar10_k8_tailstage_replay_lateprefix_1200_2026-07-07/checkpoint_final.pt,,train_cifar10_k8_tailstage_replay_lateprefix_1200_cuda,cifar10,,8.844192266464233,0.19978897273540497,,,0.07121770083904266,0.1767904907464981,32,0.003705796501441317,81808,,2,tiny_conv,True,,train_cifar10_k8_tailstage_replay_lateprefix_1200_2026-07-07,/root/autodl-tmp/CoFiTok/checkpoints/train_cifar10_k8_tailstage_replay_lateprefix_1200_2026-07-07/report.json,train,47,,1200,restricted,16,8,64,other,
1,/root/autodl-tmp/CoFiTok/checkpoints/train_cifar10_k8_tailstage_warm_800_2026-07-07/checkpoint_final.pt,,train_cifar10_k8_tailstage_warm_800_cuda,cifar10,,3.9753429889678955,0.22408729791641235,,,0.07677982747554779,0.07677982747554779,32,0.009696095520162611,81808,,2,tiny_conv,True,,train_cifar10_k8_tailstage_warm_800_2026-07-07,/root/autodl-tmp/CoFiTok/checkpoints/train_cifar10_k8_tailstage_warm_800_2026-07-07/report.json,train,29,,800,restricted,16,8,64,other,
1,/root/autodl-tmp/CoFiTok/checkpoints/train_downsampled_imagenet64_k8_channelmask_p150eval_5k_cuda_2026-07-09/checkpoint_final.pt,0.20355540939739772,train_downsampled_imagenet64_k8_channelmask_p150eval_5k_cuda,downsampled_imagenet_64,1.1123639499880713,76.72223663330078,0.16408571600914001,0.0,0.0,0.05564724653959274,0.9232521653175354,64,0.0004834364514276197,81808,4.903067118355206,2,tiny_conv,True,0.5254453420639038,train_downsampled_imagenet64_k8_channelmask_p150eval_5k_cuda_2026-07-09,/root/autodl-tmp/CoFiTok/checkpoints/train_downsampled_imagenet64_k8_channelmask_p150eval_5k_cuda_2026-07-09/report.json,train,139,149.9817527070983,5000,restricted,16,8,32,channel_mask,0.0
7,/root/autodl-tmp/CoFiTok/checkpoints/train_downsampled_imagenet64_k8_denoisepath_p150_light_5k_cuda_2026-07-09/checkpoint_final.pt,4.637785155326128,train_downsampled_imagenet64_k8_denoisepath_p150_light_5k_cuda,downsampled_imagenet_64,6.816560233713641,90.02841758728027,0.12297096103429794,0.0,0.0,0.03348949924111366,0.0377524197101593,64,0.7253376888401992,81808,0.06812273418264729,2,tiny_conv,True,7.137375831604004,train_downsampled_imagenet64_k8_denoisepath_p150_light_5k_cuda_2026-07-09,/root/autodl-tmp/CoFiTok/checkpoints/train_downsampled_imagenet64_k8_denoisepath_p150_light_5k_cuda_2026-07-09/report.json,train,139,193.7739080004384,5000,restricted,16,8,32,light_denoise_path,0.0
7,/root/autodl-tmp/CoFiTok/checkpoints/train_downsampled_imagenet64_k8_denoisepath_p150_light_cleanmono_5k_cuda_2026-07-09/checkpoint_final.pt,4.679242518863508,train_downsampled_imagenet64_k8_denoisepath_p150_light_cleanmono_5k_cuda,downsampled_imagenet_64,6.826100800610612,79.37867879867554,0.12373151630163193,0.0,0.0,0.08069980144500732,0.09232150763273239,64,0.6998759363330914,81808,0.0643927130315985,2,tiny_conv,True,6.783289432525635,train_downsampled_imagenet64_k8_denoisepath_p150_light_cleanmono_5k_cuda_2026-07-09,/root/autodl-tmp/CoFiTok/checkpoints/train_downsampled_imagenet64_k8_denoisepath_p150_light_cleanmono_5k_cuda_2026-07-09/report.json,train,163,189.2076214055514,5000,restricted,16,8,32,clean_monotonic_ablation,0.0
7,/root/autodl-tmp/CoFiTok/checkpoints/train_downsampled_imagenet64_k8_denoisepath_p150_light_deepsk_5k_cuda_2026-07-09/checkpoint_final.pt,4.712761587330273,train_downsampled_imagenet64_k8_denoisepath_p150_light_deepsk_5k_cuda,downsampled_imagenet_64,6.7542539617942685,136.8180022239685,0.12202820181846619,0.0,0.0,0.03963363543152809,0.04293770343065262,64,0.7206580797880733,272800,0.03972585239846792,2,tiny_conv,True,1.3514875173568726,train_downsampled_imagenet64_k8_denoisepath_p150_light_deepsk_5k_cuda_2026-07-09,/root/autodl-tmp/CoFiTok/checkpoints/train_downsampled_imagenet64_k8_denoisepath_p150_light_deepsk_5k_cuda_2026-07-09/report.json,train,139,191.77845482340464,5000,deep_decoder,16,8,32,deep_synthesis_ablation,0.05347995460033417
7,/root/autodl-tmp/CoFiTok/checkpoints/train_downsampled_imagenet64_k8_denoisepath_p150_light_nopathprefix_5k_cuda_2026-07-09/checkpoint_final.pt,4.930930989129203,train_downsampled_imagenet64_k8_denoisepath_p150_light_nopathprefix_5k_cuda,downsampled_imagenet_64,6.572800843896454,78.89263558387756,0.12648141384124756,0.0,0.0,0.05052671954035759,0.055948030203580856,64,0.7682064748742309,81808,0.09533826341586453,2,tiny_conv,True,6.590575695037842,train_downsampled_imagenet64_k8_denoisepath_p150_light_nopathprefix_5k_cuda_2026-07-09,/root/autodl-tmp/CoFiTok/checkpoints/train_downsampled_imagenet64_k8_denoisepath_p150_light_nopathprefix_5k_cuda_2026-07-09/report.json,train,157,182.03343063120462,5000,restricted,16,8,32,no_prefix_loss_ablation,0.0
7,/root/autodl-tmp/CoFiTok/checkpoints/train_downsampled_imagenet64_k8_denoisepath_p150_light_simultaneous_5k_cuda_2026-07-09/checkpoint_final.pt,4.526805768055575,train_downsampled_imagenet64_k8_denoisepath_p150_light_simultaneous_5k_cuda,downsampled_imagenet_64,6.887179086556721,71.05718231201172,0.12148453295230865,0.0,0.0,0.03375323861837387,0.03805692121386528,64,0.7230681891222883,76096,0.06809995962040764,2,tiny_conv,False,11.3048095703125,train_downsampled_imagenet64_k8_denoisepath_p150_light_simultaneous_5k_cuda_2026-07-09,/root/autodl-tmp/CoFiTok/checkpoints/train_downsampled_imagenet64_k8_denoisepath_p150_light_simultaneous_5k_cuda_2026-07-09/report.json,train,139,195.6067844609306,5000,restricted,16,8,32,simultaneous_predictor,0.0
7,/root/autodl-tmp/CoFiTok/checkpoints/train_downsampled_imagenet64_k8_epsilononly_p150eval_5k_cuda_2026-07-09/checkpoint_final.pt,6.872524803238256,train_downsampled_imagenet64_k8_epsilononly_p150eval_5k_cuda,downsampled_imagenet_64,5.3762934422803195,66.51380109786987,0.11766286194324493,0.0,0.0,0.03250787779688835,0.03250787779688835,64,0.8400304456922968,81808,1.0403179127190794,2,tiny_conv,True,1.1558353900909424,train_downsampled_imagenet64_k8_epsilononly_p150eval_5k_cuda_2026-07-09,/root/autodl-tmp/CoFiTok/checkpoints/train_downsampled_imagenet64_k8_epsilononly_p150eval_5k_cuda_2026-07-09/report.json,train,139,202.5346514490919,5000,restricted,16,8,32,epsilon_only,0.0
1,/root/autodl-tmp/CoFiTok/checkpoints/train_ffhq64_k8_channelmask_p150eval_5k_cuda_2026-07-09/checkpoint_final.pt,0.23998384603432246,train_ffhq64_k8_channelmask_p150eval_5k_cuda,ffhq_64,1.1131526689621274,67.88841271400452,0.19022059440612793,0.0,0.0,0.05672479793429375,0.9601365327835083,64,0.0006152077751935174,81808,4.877475644860949,2,tiny_conv,True,0.5225666761398315,train_ffhq64_k8_channelmask_p150eval_5k_cuda_2026-07-09,/root/autodl-tmp/CoFiTok/checkpoints/train_ffhq64_k8_channelmask_p150eval_5k_cuda_2026-07-09/report.json,train,139,129.0703559472227,5000,restricted,16,8,32,channel_mask,0.0
7,/root/autodl-tmp/CoFiTok/checkpoints/train_ffhq64_k8_denoisepath_p150_light_5k_cuda_2026-07-09/checkpoint_final.pt,4.637801672731127,train_ffhq64_k8_denoisepath_p150_light_5k_cuda,ffhq_64,6.818310856995398,77.45694017410278,0.12734997272491455,0.0,0.0,0.0315806120634079,0.03607723116874695,64,0.7277625943477647,81808,0.06822829387549843,2,tiny_conv,True,7.031177520751953,train_ffhq64_k8_denoisepath_p150_light_5k_cuda_2026-07-09,/root/autodl-tmp/CoFiTok/checkpoints/train_ffhq64_k8_denoisepath_p150_light_5k_cuda_2026-07-09/report.json,train,139,187.23143269283872,5000,restricted,16,8,32,light_denoise_path,0.0
7,/root/autodl-tmp/CoFiTok/checkpoints/train_ffhq64_k8_denoisepath_p150_light_cleanmono_5k_cuda_2026-07-09/checkpoint_final.pt,4.721082476632936,train_ffhq64_k8_denoisepath_p150_light_cleanmono_5k_cuda,ffhq_64,6.769591812710388,72.45483541488647,0.12521782517433167,0.0,0.0,0.04774750396609306,0.05644851550459862,64,0.7024097804195236,81808,0.06716050819626876,2,tiny_conv,True,6.713045120239258,train_ffhq64_k8_denoisepath_p150_light_cleanmono_5k_cuda_2026-07-09,/root/autodl-tmp/CoFiTok/checkpoints/train_ffhq64_k8_denoisepath_p150_light_cleanmono_5k_cuda_2026-07-09/report.json,train,163,187.27847614713681,5000,restricted,16,8,32,clean_monotonic_ablation,0.0
7,/root/autodl-tmp/CoFiTok/checkpoints/train_ffhq64_k8_denoisepath_p150_light_deepsk_5k_cuda_2026-07-09/checkpoint_final.pt,4.721226274967194,train_ffhq64_k8_denoisepath_p150_light_deepsk_5k_cuda,ffhq_64,6.787238345582562,135.02576994895935,0.12881934642791748,0.0,0.0,0.030099764466285706,0.03316706418991089,64,0.7200808705679046,272800,0.045646446623972485,2,tiny_conv,True,1.3110677003860474,train_ffhq64_k8_denoisepath_p150_light_deepsk_5k_cuda_2026-07-09,/root/autodl-tmp/CoFiTok/checkpoints/train_ffhq64_k8_denoisepath_p150_light_deepsk_5k_cuda_2026-07-09/report.json,train,139,182.5731902666537,5000,deep_decoder,16,8,32,deep_synthesis_ablation,0.05183367058634758
7,/root/autodl-tmp/CoFiTok/checkpoints/train_ffhq64_k8_denoisepath_p150_light_nopathprefix_5k_cuda_2026-07-09/checkpoint_final.pt,4.942487046122551,train_ffhq64_k8_denoisepath_p150_light_nopathprefix_5k_cuda,ffhq_64,6.522770039397141,72.12820339202881,0.13067331910133362,0.0,0.0,0.04149094969034195,0.04579450190067291,64,0.7773685553776348,81808,0.09963527441556964,2,tiny_conv,True,6.494016170501709,train_ffhq64_k8_denoisepath_p150_light_nopathprefix_5k_cuda_2026-07-09,/root/autodl-tmp/CoFiTok/checkpoints/train_ffhq64_k8_denoisepath_p150_light_nopathprefix_5k_cuda_2026-07-09/report.json,train,157,177.8095961177457,5000,restricted,16,8,32,no_prefix_loss_ablation,0.0
7,/root/autodl-tmp/CoFiTok/checkpoints/train_ffhq64_k8_denoisepath_p150_light_simultaneous_5k_cuda_2026-07-09/checkpoint_final.pt,4.573814877441952,train_ffhq64_k8_denoisepath_p150_light_simultaneous_5k_cuda,ffhq_64,6.861113259825649,64.84544920921326,0.12449252605438232,0.0,0.0,0.02709101513028145,0.031082436442375183,64,0.7251443532731402,76096,0.06374235225043126,2,tiny_conv,False,10.572965621948242,train_ffhq64_k8_denoisepath_p150_light_simultaneous_5k_cuda_2026-07-09,/root/autodl-tmp/CoFiTok/checkpoints/train_ffhq64_k8_denoisepath_p150_light_simultaneous_5k_cuda_2026-07-09/report.json,train,139,191.33775024681157,5000,restricted,16,8,32,simultaneous_predictor,0.0
7,/root/autodl-tmp/CoFiTok/checkpoints/train_ffhq64_k8_epsilononly_p150eval_5k_cuda_2026-07-09/checkpoint_final.pt,6.94880353978702,train_ffhq64_k8_epsilononly_p150eval_5k_cuda,ffhq_64,5.415471530357965,101.90471720695496,0.12446421384811401,0.0,0.0,0.030431043356657028,0.030431043356657028,64,0.838840677504012,81808,1.0807267986238003,2,tiny_conv,True,1.1851576566696167,train_ffhq64_k8_epsilononly_p150eval_5k_cuda_2026-07-09,/root/autodl-tmp/CoFiTok/checkpoints/train_ffhq64_k8_epsilononly_p150eval_5k_cuda_2026-07-09/report.json,train,139,191.7210639207763,5000,restricted,16,8,32,epsilon_only,0.0
1,/root/autodl-tmp/CoFiTok/checkpoints/train_imagenet256_10pct_k4_channelmask_p150eval_5k_cuda_2026-07-10_imagenet256_10pct_p0/checkpoint_final.pt,0.1516497234503428,train_imagenet256_10pct_k4_channelmask_p150eval_5k_cuda,imagenet_256_10pct,1.0683732515826292,38.66451048851013,0.1269828975200653,0.0,0.0,0.029275957494974136,0.07304368913173676,256,0.00023641154829931888,15776,3.493333175778389,2,tiny_conv,True,0.9599170088768005,train_imagenet256_10pct_k4_channelmask_p150eval_5k_cuda_2026-07-10_imagenet256_10pct_p0,/root/autodl-tmp/CoFiTok/checkpoints/train_imagenet256_10pct_k4_channelmask_p150eval_5k_cuda_2026-07-10_imagenet256_10pct_p0/report.json,train,139,182.90546814840926,5000,restricted,16,4,4,channel_mask,0.0
3,/root/autodl-tmp/CoFiTok/checkpoints/train_imagenet256_10pct_k4_denoisepath_p150_light_5k_cuda_2026-07-10_imagenet256_10pct_p0/checkpoint_final.pt,3.824039325118065,train_imagenet256_10pct_k4_denoisepath_p150_light_5k_cuda,imagenet_256_10pct,3.354070341363795,44.55464482307434,0.14790669083595276,0.0,0.0,0.029242511838674545,0.03523049131035805,256,0.7293923446119883,15776,0.13468520094950995,2,tiny_conv,True,2.072113275527954,train_imagenet256_10pct_k4_denoisepath_p150_light_5k_cuda_2026-07-10_imagenet256_10pct_p0,/root/autodl-tmp/CoFiTok/checkpoints/train_imagenet256_10pct_k4_denoisepath_p150_light_5k_cuda_2026-07-10_imagenet256_10pct_p0/report.json,train,139,162.0243997239531,5000,restricted,16,4,4,light_denoise_path,0.0
3,/root/autodl-tmp/CoFiTok/checkpoints/train_imagenet256_10pct_k4_denoisepath_p150_light_cleanmono_5k_cuda_2026-07-10_imagenet256_10pct_p0/checkpoint_final.pt,3.8896080007155738,train_imagenet256_10pct_k4_denoisepath_p150_light_cleanmono_5k_cuda,imagenet_256_10pct,3.398204611394474,43.69827103614807,0.14599213004112244,0.0,0.0,0.10308711230754852,0.11747454106807709,256,0.7390743970207517,15776,0.11571902719636758,2,tiny_conv,True,2.254570722579956,train_imagenet256_10pct_k4_denoisepath_p150_light_cleanmono_5k_cuda_2026-07-10_imagenet256_10pct_p0,/root/autodl-tmp/CoFiTok/checkpoints/train_imagenet256_10pct_k4_denoisepath_p150_light_cleanmono_5k_cuda_2026-07-10_imagenet256_10pct_p0/report.json,train,163,159.47014003559732,5000,restricted,16,4,4,clean_monotonic_ablation,0.0
3,/root/autodl-tmp/CoFiTok/checkpoints/train_imagenet256_10pct_k4_denoisepath_p150_light_deepsk_5k_cuda_2026-07-10_imagenet256_10pct_p0/checkpoint_final.pt,3.7476944973071418,train_imagenet256_10pct_k4_denoisepath_p150_light_deepsk_5k_cuda,imagenet_256_10pct,3.393528805461314,83.01749539375305,0.12274840474128723,0.0,0.0,0.021362481638789177,0.023852771148085594,256,0.7328438226321095,52616,0.054455267575879894,2,tiny_conv,True,1.4213616847991943,train_imagenet256_10pct_k4_denoisepath_p150_light_deepsk_5k_cuda_2026-07-10_imagenet256_10pct_p0,/root/autodl-tmp/CoFiTok/checkpoints/train_imagenet256_10pct_k4_denoisepath_p150_light_deepsk_5k_cuda_2026-07-10_imagenet256_10pct_p0/report.json,train,139,188.48668808253373,5000,deep_decoder,16,4,4,deep_synthesis_ablation,0.017898470163345337
3,/root/autodl-tmp/CoFiTok/checkpoints/train_imagenet256_10pct_k4_denoisepath_p150_light_nopathprefix_5k_cuda_2026-07-10_imagenet256_10pct_p0/checkpoint_final.pt,3.991577004392942,train_imagenet256_10pct_k4_denoisepath_p150_light_nopathprefix_5k_cuda,imagenet_256_10pct,3.39845170057408,43.19486927986145,0.13436946272850037,0.0,0.0,0.026463141664862633,0.030875781551003456,256,0.7421808387379605,15776,0.1699850137035052,2,tiny_conv,True,1.8529272079467773,train_imagenet256_10pct_k4_denoisepath_p150_light_nopathprefix_5k_cuda_2026-07-10_imagenet256_10pct_p0,/root/autodl-tmp/CoFiTok/checkpoints/train_imagenet256_10pct_k4_denoisepath_p150_light_nopathprefix_5k_cuda_2026-07-10_imagenet256_10pct_p0/report.json,train,157,175.37528298124667,5000,restricted,16,4,4,no_prefix_loss_ablation,0.0
3,/root/autodl-tmp/CoFiTok/checkpoints/train_imagenet256_10pct_k4_denoisepath_p150_light_simultaneous_5k_cuda_2026-07-10_imagenet256_10pct_p0/checkpoint_final.pt,3.8864212383826575,train_imagenet256_10pct_k4_denoisepath_p150_light_simultaneous_5k_cuda,imagenet_256_10pct,3.412240091449968,39.876445055007935,0.14288374781608582,0.0,0.0,0.026822607964277267,0.03266343101859093,256,0.7445719158932866,14552,0.13148742790023485,2,tiny_conv,False,3.321786880493164,train_imagenet256_10pct_k4_denoisepath_p150_light_simultaneous_5k_cuda_2026-07-10_imagenet256_10pct_p0,/root/autodl-tmp/CoFiTok/checkpoints/train_imagenet256_10pct_k4_denoisepath_p150_light_simultaneous_5k_cuda_2026-07-10_imagenet256_10pct_p0/report.json,train,139,163.64642040487797,5000,restricted,16,4,4,simultaneous_predictor,0.0
3,/root/autodl-tmp/CoFiTok/checkpoints/train_imagenet256_10pct_k4_epsilononly_p150eval_5k_cuda_2026-07-10_imagenet256_10pct_p0/checkpoint_final.pt,5.654297972718875,train_imagenet256_10pct_k4_epsilononly_p150eval_5k_cuda,imagenet_256_10pct,3.6639210318143944,39.03034448623657,0.14075222611427307,0.0,0.0,0.028449533507227898,0.028449533507227898,256,0.6421759866947704,15776,1.560863917072614,2,tiny_conv,True,0.8168758153915405,train_imagenet256_10pct_k4_epsilononly_p150eval_5k_cuda_2026-07-10_imagenet256_10pct_p0,/root/autodl-tmp/CoFiTok/checkpoints/train_imagenet256_10pct_k4_epsilononly_p150eval_5k_cuda_2026-07-10_imagenet256_10pct_p0/report.json,train,139,170.09153053625758,5000,restricted,16,4,4,epsilon_only,0.0
1,/root/autodl-tmp/CoFiTok/checkpoints/train_imagenet256_k4_channelmask_p150eval_5k_cuda_2026-07-10_imagenet256_p0/checkpoint_final.pt,0.1544863556822141,train_imagenet256_k4_channelmask_p150eval_5k_cuda,imagenet_256,1.067917221134121,38.900094747543335,0.1287231296300888,0.0,0.0,0.03024035505950451,0.08659461885690689,256,0.00023426656487557065,15776,3.5298863227168717,2,tiny_conv,True,0.9681000709533691,train_imagenet256_k4_channelmask_p150eval_5k_cuda_2026-07-10_imagenet256_p0,/root/autodl-tmp/CoFiTok/checkpoints/train_imagenet256_k4_channelmask_p150eval_5k_cuda_2026-07-10_imagenet256_p0/report.json,train,139,181.01228980201685,5000,restricted,16,4,4,channel_mask,0.0
3,/root/autodl-tmp/CoFiTok/checkpoints/train_imagenet256_k4_denoisepath_p150_light_20k_seed103_cuda_2026-07-11_imagenet256_20k_repeat/checkpoint_final.pt,3.73572817693154,train_imagenet256_k4_denoisepath_p150_light_20k_seed103_cuda,imagenet_256,3.338549791648343,166.26305866241455,0.0843939334154129,0.0,0.0,0.017782218754291534,0.020479928702116013,256,0.7473877019118249,15776,0.05890030351777872,2,tiny_conv,True,5.76248836517334,train_imagenet256_k4_denoisepath_p150_light_20k_seed103_cuda_2026-07-11_imagenet256_20k_repeat,/root/autodl-tmp/CoFiTok/checkpoints/train_imagenet256_k4_denoisepath_p150_light_20k_seed103_cuda_2026-07-11_imagenet256_20k_repeat/report.json,train,103,281.8188139270896,20000,restricted,16,4,4,light_denoise_path,0.0
3,/root/autodl-tmp/CoFiTok/checkpoints/train_imagenet256_k4_denoisepath_p150_light_20k_seed139_cuda_2026-07-11_imagenet256_20k_repeat/checkpoint_final.pt,3.7108228194216886,train_imagenet256_k4_denoisepath_p150_light_20k_seed139_cuda,imagenet_256,3.3690653661441066,160.8383445739746,0.09040450304746628,0.0,0.0,0.01754157803952694,0.020570017397403717,256,0.7478206243144926,15776,0.060349389600257076,2,tiny_conv,True,6.103878021240234,train_imagenet256_k4_denoisepath_p150_light_20k_seed139_cuda_2026-07-11_imagenet256_20k_repeat,/root/autodl-tmp/CoFiTok/checkpoints/train_imagenet256_k4_denoisepath_p150_light_20k_seed139_cuda_2026-07-11_imagenet256_20k_repeat/report.json,train,139,260.50356592244515,20000,restricted,16,4,4,light_denoise_path,0.0
3,/root/autodl-tmp/CoFiTok/checkpoints/train_imagenet256_k4_denoisepath_p150_light_5k_cuda_2026-07-10_imagenet256_p0/checkpoint_final.pt,3.834285038212935,train_imagenet256_k4_denoisepath_p150_light_5k_cuda,imagenet_256,3.3671530708340875,44.55531144142151,0.14047680795192719,0.0,0.0,0.027513807639479637,0.032954663038253784,256,0.7283328202638817,15776,0.12551674246788025,2,tiny_conv,True,2.160386085510254,train_imagenet256_k4_denoisepath_p150_light_5k_cuda_2026-07-10_imagenet256_p0,/root/autodl-tmp/CoFiTok/checkpoints/train_imagenet256_k4_denoisepath_p150_light_5k_cuda_2026-07-10_imagenet256_p0/report.json,train,139,168.63803962114466,5000,restricted,16,4,4,light_denoise_path,0.0
3,/root/autodl-tmp/CoFiTok/checkpoints/train_imagenet256_k4_denoisepath_p150_light_cleanmono_5k_cuda_2026-07-10_imagenet256_p0/checkpoint_final.pt,3.8573535283406577,train_imagenet256_k4_denoisepath_p150_light_cleanmono_5k_cuda,imagenet_256,3.4037285810145885,44.08864784240723,0.15207290649414062,0.0,0.0,0.05632030591368675,0.06483408063650131,256,0.7405527755876452,15776,0.12096429864565532,2,tiny_conv,True,2.222567081451416,train_imagenet256_k4_denoisepath_p150_light_cleanmono_5k_cuda_2026-07-10_imagenet256_p0,/root/autodl-tmp/CoFiTok/checkpoints/train_imagenet256_k4_denoisepath_p150_light_cleanmono_5k_cuda_2026-07-10_imagenet256_p0/report.json,train,163,154.79601153894393,5000,restricted,16,4,4,clean_monotonic_ablation,0.0
3,/root/autodl-tmp/CoFiTok/checkpoints/train_imagenet256_k4_denoisepath_p150_light_deepsk_5k_cuda_2026-07-10_imagenet256_p0/checkpoint_final.pt,3.7648255017896495,train_imagenet256_k4_denoisepath_p150_light_deepsk_5k_cuda,imagenet_256,3.371786574006199,80.36508059501648,0.1177678033709526,0.0,0.0,0.021241506561636925,0.023643020540475845,256,0.7403487209175836,52616,0.052131050576766334,2,tiny_conv,True,1.4082516431808472,train_imagenet256_k4_denoisepath_p150_light_deepsk_5k_cuda_2026-07-10_imagenet256_p0,/root/autodl-tmp/CoFiTok/checkpoints/train_imagenet256_k4_denoisepath_p150_light_deepsk_5k_cuda_2026-07-10_imagenet256_p0/report.json,train,139,196.9202438967143,5000,deep_decoder,16,4,4,deep_synthesis_ablation,0.018471069633960724
3,/root/autodl-tmp/CoFiTok/checkpoints/train_imagenet256_k4_denoisepath_p150_light_nopathprefix_5k_cuda_2026-07-10_imagenet256_p0/checkpoint_final.pt,4.110393640895684,train_imagenet256_k4_denoisepath_p150_light_nopathprefix_5k_cuda,imagenet_256,3.3972607143297773,44.26307010650635,0.15032027661800385,0.0,0.0,0.023834392428398132,0.028024796396493912,256,0.744658434406803,15776,0.17306354890267053,2,tiny_conv,True,1.9090685844421387,train_imagenet256_k4_denoisepath_p150_light_nopathprefix_5k_cuda_2026-07-10_imagenet256_p0,/root/autodl-tmp/CoFiTok/checkpoints/train_imagenet256_k4_denoisepath_p150_light_nopathprefix_5k_cuda_2026-07-10_imagenet256_p0/report.json,train,157,152.48696413487826,5000,restricted,16,4,4,no_prefix_loss_ablation,0.0
3,/root/autodl-tmp/CoFiTok/checkpoints/train_imagenet256_k4_denoisepath_p150_light_simultaneous_5k_cuda_2026-07-10_imagenet256_p0/checkpoint_final.pt,3.8745922843615213,train_imagenet256_k4_denoisepath_p150_light_simultaneous_5k_cuda,imagenet_256,3.417386501759326,40.62669086456299,0.13618743419647217,0.0,0.0,0.032563064247369766,0.03925187885761261,256,0.7429286808266242,14552,0.12920858152210712,2,tiny_conv,False,3.295117139816284,train_imagenet256_k4_denoisepath_p150_light_simultaneous_5k_cuda_2026-07-10_imagenet256_p0,/root/autodl-tmp/CoFiTok/checkpoints/train_imagenet256_k4_denoisepath_p150_light_simultaneous_5k_cuda_2026-07-10_imagenet256_p0/report.json,train,139,170.32374173139021,5000,restricted,16,4,4,simultaneous_predictor,0.0
3,/root/autodl-tmp/CoFiTok/checkpoints/train_imagenet256_k4_epsilononly_p150eval_20k_seed103_cuda_2026-07-11_imagenet256_20k_repeat/checkpoint_final.pt,6.180277432004611,train_imagenet256_k4_epsilononly_p150eval_20k_seed103_cuda,imagenet_256,3.1473687602810427,165.7193558216095,0.07990792393684387,0.0,0.0,0.017272846773266792,0.017272846773266792,256,0.7745483864942505,15776,1.767815962433815,2,tiny_conv,True,1.3266257047653198,train_imagenet256_k4_epsilononly_p150eval_20k_seed103_cuda_2026-07-11_imagenet256_20k_repeat,/root/autodl-tmp/CoFiTok/checkpoints/train_imagenet256_k4_epsilononly_p150eval_20k_seed103_cuda_2026-07-11_imagenet256_20k_repeat/report.json,train,103,296.6827434065637,20000,restricted,16,4,4,epsilon_only,0.0
3,/root/autodl-tmp/CoFiTok/checkpoints/train_imagenet256_k4_epsilononly_p150eval_20k_seed139_cuda_2026-07-11_imagenet256_20k_repeat/checkpoint_final.pt,5.380495240290959,train_imagenet256_k4_epsilononly_p150eval_20k_seed139_cuda,imagenet_256,3.8786344759355047,166.93998861312866,0.08837181329727173,0.0,0.0,0.016358282417058945,0.016358282417058945,256,0.5825932733035901,15776,1.4286781052748363,2,tiny_conv,True,1.1758356094360352,train_imagenet256_k4_epsilononly_p150eval_20k_seed139_cuda_2026-07-11_imagenet256_20k_repeat,/root/autodl-tmp/CoFiTok/checkpoints/train_imagenet256_k4_epsilononly_p150eval_20k_seed139_cuda_2026-07-11_imagenet256_20k_repeat/report.json,train,139,269.1786085970028,20000,restricted,16,4,4,epsilon_only,0.0
3,/root/autodl-tmp/CoFiTok/checkpoints/train_imagenet256_k4_epsilononly_p150eval_5k_cuda_2026-07-10_imagenet256_p0/checkpoint_final.pt,5.638855775197347,train_imagenet256_k4_epsilononly_p150eval_5k_cuda,imagenet_256,3.663264598665482,38.5601589679718,0.13967275619506836,0.0,0.0,0.027215978130698204,0.027215978130698204,256,0.6494340535386871,15776,1.4916858275731404,2,tiny_conv,True,0.8754170536994934,train_imagenet256_k4_epsilononly_p150eval_5k_cuda_2026-07-10_imagenet256_p0,/root/autodl-tmp/CoFiTok/checkpoints/train_imagenet256_k4_epsilononly_p150eval_5k_cuda_2026-07-10_imagenet256_p0/report.json,train,139,168.42761893382038,5000,restricted,16,4,4,epsilon_only,0.0
15,/root/autodl-tmp/CoFiTok/checkpoints/train_imagenet_1k_64x64_hf_k16_denoisepath_p150_light_5k_2026-07-08/checkpoint_final.pt,5.103268833955129,train_imagenet_1k_64x64_hf_k16_denoisepath_p150_light_5k_cuda,imagenet_1k_64x64_hf,13.559517517602217,118.2145562171936,0.09918206930160522,,,0.027235187590122223,0.03122159093618393,64,0.7038690662712497,95648,0.06735515960802635,2,tiny_conv,True,10.707046508789062,train_imagenet_1k_64x64_hf_k16_denoisepath_p150_light_5k_2026-07-08,/root/autodl-tmp/CoFiTok/checkpoints/train_imagenet_1k_64x64_hf_k16_denoisepath_p150_light_5k_2026-07-08/report.json,train,139,241.38979891213876,5000,restricted,16,16,32,light_denoise_path,0.0
15,/root/autodl-tmp/CoFiTok/checkpoints/train_imagenet_1k_64x64_hf_k16_denoisepath_p150_light_5k_seed2_2026-07-08/checkpoint_final.pt,5.007589082916578,train_imagenet_1k_64x64_hf_k16_denoisepath_p150_light_5k_seed2_cuda,imagenet_1k_64x64_hf,13.780434849421775,116.84926080703735,0.10142430663108826,,,0.0570906326174736,0.07511445134878159,64,0.7175728262152149,95648,0.06909913669029871,2,tiny_conv,True,11.038355827331543,train_imagenet_1k_64x64_hf_k16_denoisepath_p150_light_5k_seed2_2026-07-08,/root/autodl-tmp/CoFiTok/checkpoints/train_imagenet_1k_64x64_hf_k16_denoisepath_p150_light_5k_seed2_2026-07-08/report.json,train,103,234.00287785004562,5000,restricted,16,16,32,light_denoise_path,0.0
3,/root/autodl-tmp/CoFiTok/checkpoints/train_imagenet_1k_64x64_hf_k4_denoisepath_p150_light_5k_2026-07-08/checkpoint_final.pt,3.7977407512565455,train_imagenet_1k_64x64_hf_k4_denoisepath_p150_light_5k_cuda,imagenet_1k_64x64_hf,3.3183726950335286,44.87448835372925,0.09878142923116684,,,0.0325780063867569,0.03780169412493706,64,0.7393512694350883,74888,0.0664526962985595,2,tiny_conv,True,2.8848299980163574,train_imagenet_1k_64x64_hf_k4_denoisepath_p150_light_5k_2026-07-08,/root/autodl-tmp/CoFiTok/checkpoints/train_imagenet_1k_64x64_hf_k4_denoisepath_p150_light_5k_2026-07-08/report.json,train,139,242.557074671945,5000,restricted,16,4,32,light_denoise_path,0.0
3,/root/autodl-tmp/CoFiTok/checkpoints/train_imagenet_1k_64x64_hf_k4_denoisepath_p150_light_5k_seed2_2026-07-08/checkpoint_final.pt,3.8302254614730677,train_imagenet_1k_64x64_hf_k4_denoisepath_p150_light_5k_seed2_cuda,imagenet_1k_64x64_hf,3.3232560183366693,44.50827240943909,0.09541889280080795,,,0.056338466703891754,0.06726571917533875,64,0.7535792432240014,74888,0.05708568977812926,2,tiny_conv,True,3.0389108657836914,train_imagenet_1k_64x64_hf_k4_denoisepath_p150_light_5k_seed2_2026-07-08,/root/autodl-tmp/CoFiTok/checkpoints/train_imagenet_1k_64x64_hf_k4_denoisepath_p150_light_5k_seed2_2026-07-08/report.json,train,103,244.96809292048422,5000,restricted,16,4,32,light_denoise_path,0.0
1,/root/autodl-tmp/CoFiTok/checkpoints/train_imagenet_1k_64x64_hf_k8_channelmask_p150eval_5k_2026-07-08/checkpoint_final.pt,0.15456984032477653,train_imagenet_1k_64x64_hf_k8_channelmask_p150eval_5k_cuda,imagenet_1k_64x64_hf,1.111378188409333,67.48881459236145,0.12301679700613022,,,0.05712878704071045,0.9374498724937439,64,0.00038158085345803945,81808,4.8844171821006706,2,tiny_conv,True,0.5244185924530029,train_imagenet_1k_64x64_hf_k8_channelmask_p150eval_5k_2026-07-08,/root/autodl-tmp/CoFiTok/checkpoints/train_imagenet_1k_64x64_hf_k8_channelmask_p150eval_5k_2026-07-08/report.json,train,139,200.0628549330796,5000,restricted,16,8,32,channel_mask,0.0
7,/root/autodl-tmp/CoFiTok/checkpoints/train_imagenet_1k_64x64_hf_k8_denoisepath_p150_5k_2026-07-08/checkpoint_final.pt,4.645437557250261,train_imagenet_1k_64x64_hf_k8_denoisepath_p150_5k_cuda,imagenet_1k_64x64_hf,6.757910193271923,75.55423402786255,0.10735144466161728,,,0.03114253655076027,0.04220474511384964,64,0.7323157915532035,81808,0.04168229430381741,2,tiny_conv,True,9.994930267333984,train_imagenet_1k_64x64_hf_k8_denoisepath_p150_5k_2026-07-08,/root/autodl-tmp/CoFiTok/checkpoints/train_imagenet_1k_64x64_hf_k8_denoisepath_p150_5k_2026-07-08/report.json,train,139,219.69773633794628,5000,restricted,16,8,32,full_denoise_path,0.0
7,/root/autodl-tmp/CoFiTok/checkpoints/train_imagenet_1k_64x64_hf_k8_denoisepath_p150_light_20k_2026-07-08/checkpoint_final.pt,4.60511261384402,train_imagenet_1k_64x64_hf_k8_denoisepath_p150_light_20k_cuda,imagenet_1k_64x64_hf,6.757546505045174,312.44759225845337,0.08520045131444931,,,0.023119494318962097,0.025174373760819435,64,0.7302909874847542,81808,0.030529778184635297,2,tiny_conv,True,12.067949295043945,train_imagenet_1k_64x64_hf_k8_denoisepath_p150_light_20k_2026-07-08,/root/autodl-tmp/CoFiTok/checkpoints/train_imagenet_1k_64x64_hf_k8_denoisepath_p150_light_20k_2026-07-08/report.json,train,139,275.6537355762727,20000,restricted,16,8,32,light_denoise_path,0.0
7,/root/autodl-tmp/CoFiTok/checkpoints/train_imagenet_1k_64x64_hf_k8_denoisepath_p150_light_20k_seed2_cuda_2026-07-08/checkpoint_final.pt,4.538325700376715,train_imagenet_1k_64x64_hf_k8_denoisepath_p150_light_20k_seed2_cuda,imagenet_1k_64x64_hf,6.739192108887807,292.0786602497101,0.08698330819606781,,,0.10529941320419312,0.14190050959587097,64,0.7430353162642471,81808,0.03608279515589986,2,tiny_conv,True,12.736912727355957,train_imagenet_1k_64x64_hf_k8_denoisepath_p150_light_20k_seed2_cuda_2026-07-08,/root/autodl-tmp/CoFiTok/checkpoints/train_imagenet_1k_64x64_hf_k8_denoisepath_p150_light_20k_seed2_cuda_2026-07-08/report.json,train,103,271.68371680921706,20000,restricted,16,8,32,light_denoise_path,0.0
7,/root/autodl-tmp/CoFiTok/checkpoints/train_imagenet_1k_64x64_hf_k8_denoisepath_p150_light_5k_2026-07-08/checkpoint_final.pt,4.667319528758526,train_imagenet_1k_64x64_hf_k8_denoisepath_p150_light_5k_cuda,imagenet_1k_64x64_hf,6.787198254674521,80.90923142433167,0.10177125036716461,,,0.03005318157374859,0.03437133878469467,64,0.7321917487421951,81808,0.062016284093260765,2,tiny_conv,True,7.387106895446777,train_imagenet_1k_64x64_hf_k8_denoisepath_p150_light_5k_2026-07-08,/root/autodl-tmp/CoFiTok/checkpoints/train_imagenet_1k_64x64_hf_k8_denoisepath_p150_light_5k_2026-07-08/report.json,train,139,233.50004721986286,5000,restricted,16,8,32,light_denoise_path,0.0
7,/root/autodl-tmp/CoFiTok/checkpoints/train_imagenet_1k_64x64_hf_k8_denoisepath_p150_light_5k_seed2_2026-07-08/checkpoint_final.pt,4.710781543914761,train_imagenet_1k_64x64_hf_k8_denoisepath_p150_light_5k_seed2_cuda,imagenet_1k_64x64_hf,6.767741756514339,70.5051486492157,0.09632199257612228,,,0.04902033135294914,0.06195126473903656,64,0.7431062646682991,81808,0.06412318748022829,2,tiny_conv,True,7.310522556304932,train_imagenet_1k_64x64_hf_k8_denoisepath_p150_light_5k_seed2_2026-07-08,/root/autodl-tmp/CoFiTok/checkpoints/train_imagenet_1k_64x64_hf_k8_denoisepath_p150_light_5k_seed2_2026-07-08/report.json,train,103,244.25703878499263,5000,restricted,16,8,32,light_denoise_path,0.0
7,/root/autodl-tmp/CoFiTok/checkpoints/train_imagenet_1k_64x64_hf_k8_denoisepath_p150_light_cleanmono_10k_cuda_2026-07-08/checkpoint_final.pt,4.647590797926698,train_imagenet_1k_64x64_hf_k8_denoisepath_p150_light_cleanmono_10k_cuda,imagenet_1k_64x64_hf,6.702577548498475,146.67038536071777,0.09237216413021088,,,0.04259404167532921,0.05055477097630501,64,0.7193195021715204,81808,0.03931305504270962,2,tiny_conv,True,9.133307456970215,train_imagenet_1k_64x64_hf_k8_denoisepath_p150_light_cleanmono_10k_cuda_2026-07-08,/root/autodl-tmp/CoFiTok/checkpoints/train_imagenet_1k_64x64_hf_k8_denoisepath_p150_light_cleanmono_10k_cuda_2026-07-08/report.json,train,163,253.05221704629028,10000,restricted,16,8,32,clean_monotonic_ablation,0.0
7,/root/autodl-tmp/CoFiTok/checkpoints/train_imagenet_1k_64x64_hf_k8_denoisepath_p150_light_cleanmono_5k_cuda_2026-07-10_imagenet_hf_5k_internal_gaps/checkpoint_final.pt,4.732288406363556,train_imagenet_1k_64x64_hf_k8_denoisepath_p150_light_cleanmono_5k_cuda,imagenet_1k_64x64_hf,6.772634862050262,81.58133482933044,0.10982994735240936,0.0,0.0,0.048100993037223816,0.05493023246526718,64,0.7024115990240773,81808,0.06578289118728467,2,tiny_conv,True,7.084935188293457,train_imagenet_1k_64x64_hf_k8_denoisepath_p150_light_cleanmono_5k_cuda_2026-07-10_imagenet_hf_5k_internal_gaps,/root/autodl-tmp/CoFiTok/checkpoints/train_imagenet_1k_64x64_hf_k8_denoisepath_p150_light_cleanmono_5k_cuda_2026-07-10_imagenet_hf_5k_internal_gaps/report.json,train,163,212.61305113327163,5000,restricted,16,8,32,clean_monotonic_ablation,0.0
7,/root/autodl-tmp/CoFiTok/checkpoints/train_imagenet_1k_64x64_hf_k8_denoisepath_p150_light_deepsk_5k_seed2_2026-07-08/checkpoint_final.pt,4.593049448515687,train_imagenet_1k_64x64_hf_k8_denoisepath_p150_light_deepsk_5k_seed2_cuda,imagenet_1k_64x64_hf,6.747716927836551,135.44885158538818,0.13269995152950287,,,0.05979574844241142,0.07048531621694565,64,0.734272924242727,272800,0.04332395962306431,2,tiny_conv,True,1.3408124446868896,train_imagenet_1k_64x64_hf_k8_denoisepath_p150_light_deepsk_5k_seed2_2026-07-08,/root/autodl-tmp/CoFiTok/checkpoints/train_imagenet_1k_64x64_hf_k8_denoisepath_p150_light_deepsk_5k_seed2_2026-07-08/report.json,train,103,177.25289098915113,5000,deep_decoder,16,8,32,deep_synthesis_ablation,0.044966015964746475
7,/root/autodl-tmp/CoFiTok/checkpoints/train_imagenet_1k_64x64_hf_k8_denoisepath_p150_light_multiscale_10k_cuda_2026-07-08/checkpoint_final.pt,4.710729976317713,train_imagenet_1k_64x64_hf_k8_denoisepath_p150_light_multiscale_10k_cuda,imagenet_1k_64x64_hf,6.749266207407613,181.13267827033997,0.0775630846619606,,,0.05671899765729904,0.06237947940826416,64,0.7328486892736079,1660912,0.0364469145424664,2,multiscale_unet,True,11.347821235656738,train_imagenet_1k_64x64_hf_k8_denoisepath_p150_light_multiscale_10k_cuda_2026-07-08,/root/autodl-tmp/CoFiTok/checkpoints/train_imagenet_1k_64x64_hf_k8_denoisepath_p150_light_multiscale_10k_cuda_2026-07-08/report.json,train,151,300.03112328404995,10000,restricted,16,8,24,light_denoise_path,0.0
7,/root/autodl-tmp/CoFiTok/checkpoints/train_imagenet_1k_64x64_hf_k8_denoisepath_p150_light_multiscale_20k_2026-07-08/checkpoint_final.pt,4.520281639482294,train_imagenet_1k_64x64_hf_k8_denoisepath_p150_light_multiscale_20k_cuda,imagenet_1k_64x64_hf,6.72091066374684,334.11520862579346,0.06542016565799713,0.0,0.0,0.0233475212007761,0.025324098765850067,64,0.7353216920308014,1660912,0.025294098870030472,2,multiscale_unet,True,15.040172576904297,train_imagenet_1k_64x64_hf_k8_denoisepath_p150_light_multiscale_20k_2026-07-08,/root/autodl-tmp/CoFiTok/checkpoints/train_imagenet_1k_64x64_hf_k8_denoisepath_p150_light_multiscale_20k_2026-07-08/report.json,train,151,356.9996562856114,20000,restricted,16,8,24,light_denoise_path,0.0
7,/root/autodl-tmp/CoFiTok/checkpoints/train_imagenet_1k_64x64_hf_k8_denoisepath_p150_light_nopathprefix_10k_cuda_2026-07-08/checkpoint_final.pt,4.925990766712597,train_imagenet_1k_64x64_hf_k8_denoisepath_p150_light_nopathprefix_10k_cuda,imagenet_1k_64x64_hf,6.515997405808815,161.2217926979065,0.0913521945476532,,,0.049047183245420456,0.05495090037584305,64,0.763116214932921,81808,0.059480584293071716,2,tiny_conv,True,8.82416820526123,train_imagenet_1k_64x64_hf_k8_denoisepath_p150_light_nopathprefix_10k_cuda_2026-07-08,/root/autodl-tmp/CoFiTok/checkpoints/train_imagenet_1k_64x64_hf_k8_denoisepath_p150_light_nopathprefix_10k_cuda_2026-07-08/report.json,train,157,259.50643058966074,10000,restricted,16,8,32,no_prefix_loss_ablation,0.0
7,/root/autodl-tmp/CoFiTok/checkpoints/train_imagenet_1k_64x64_hf_k8_denoisepath_p150_light_nopathprefix_5k_cuda_2026-07-10_imagenet_hf_5k_internal_gaps/checkpoint_final.pt,4.8810182485197275,train_imagenet_1k_64x64_hf_k8_denoisepath_p150_light_nopathprefix_5k_cuda,imagenet_1k_64x64_hf,6.559790763067958,79.77537178993225,0.10168733447790146,0.0,0.0,0.04254528880119324,0.047361042350530624,64,0.7695477447743707,81808,0.09392996158983026,2,tiny_conv,True,6.646556854248047,train_imagenet_1k_64x64_hf_k8_denoisepath_p150_light_nopathprefix_5k_cuda_2026-07-10_imagenet_hf_5k_internal_gaps,/root/autodl-tmp/CoFiTok/checkpoints/train_imagenet_1k_64x64_hf_k8_denoisepath_p150_light_nopathprefix_5k_cuda_2026-07-10_imagenet_hf_5k_internal_gaps/report.json,train,157,229.8802681048396,5000,restricted,16,8,32,no_prefix_loss_ablation,0.0
7,/root/autodl-tmp/CoFiTok/checkpoints/train_imagenet_1k_64x64_hf_k8_denoisepath_p150_light_simultaneous_5k_2026-07-08/checkpoint_final.pt,4.612813870289496,train_imagenet_1k_64x64_hf_k8_denoisepath_p150_light_simultaneous_5k_cuda,imagenet_1k_64x64_hf,6.844516578653201,71.63381600379944,0.0995449647307396,,,0.03291022777557373,0.03741399943828583,64,0.7301200275651131,76096,0.05997784901410341,2,tiny_conv,False,11.793625831604004,train_imagenet_1k_64x64_hf_k8_denoisepath_p150_light_simultaneous_5k_2026-07-08,/root/autodl-tmp/CoFiTok/checkpoints/train_imagenet_1k_64x64_hf_k8_denoisepath_p150_light_simultaneous_5k_2026-07-08/report.json,train,139,237.36453908586668,5000,restricted,16,8,32,simultaneous_predictor,0.0
7,/root/autodl-tmp/CoFiTok/checkpoints/train_imagenet_1k_64x64_hf_k8_denoisepath_p150_light_simultaneous_5k_seed2_2026-07-08/checkpoint_final.pt,4.582086485411439,train_imagenet_1k_64x64_hf_k8_denoisepath_p150_light_simultaneous_5k_seed2_cuda,imagenet_1k_64x64_hf,6.800998911031761,72.24899506568909,0.10240457952022552,,,0.05944008380174637,0.07140403985977173,64,0.7253637750428726,76096,0.0723053075905357,2,tiny_conv,False,10.62644100189209,train_imagenet_1k_64x64_hf_k8_denoisepath_p150_light_simultaneous_5k_seed2_2026-07-08,/root/autodl-tmp/CoFiTok/checkpoints/train_imagenet_1k_64x64_hf_k8_denoisepath_p150_light_simultaneous_5k_seed2_2026-07-08/report.json,train,103,233.1101019970883,5000,restricted,16,8,32,simultaneous_predictor,0.0
6,/root/autodl-tmp/CoFiTok/checkpoints/train_imagenet_1k_64x64_hf_k8_epsilononly_p150eval_20k_2026-07-08/checkpoint_final.pt,6.866268543260438,train_imagenet_1k_64x64_hf_k8_epsilononly_p150eval_20k_cuda,imagenet_1k_64x64_hf,5.239925130694478,251.43290519714355,0.08416953682899475,,,0.02245481126010418,0.02245481126010418,64,0.8363871474295204,81808,1.0745889680194003,2,tiny_conv,True,1.3323445320129395,train_imagenet_1k_64x64_hf_k8_epsilononly_p150eval_20k_2026-07-08,/root/autodl-tmp/CoFiTok/checkpoints/train_imagenet_1k_64x64_hf_k8_epsilononly_p150eval_20k_2026-07-08/report.json,train,139,277.9825802218704,20000,restricted,16,8,32,epsilon_only,0.0
7,/root/autodl-tmp/CoFiTok/checkpoints/train_imagenet_1k_64x64_hf_k8_epsilononly_p150eval_20k_seed2_cuda_2026-07-08/checkpoint_final.pt,6.514660174825361,train_imagenet_1k_64x64_hf_k8_epsilononly_p150eval_20k_seed2_cuda,imagenet_1k_64x64_hf,5.099727477863428,277.3070170879364,0.08301954716444016,,,0.09837937355041504,0.09837937355041504,64,0.9073000642682689,81808,0.9015883127493518,2,tiny_conv,True,1.582865595817566,train_imagenet_1k_64x64_hf_k8_epsilononly_p150eval_20k_seed2_cuda_2026-07-08,/root/autodl-tmp/CoFiTok/checkpoints/train_imagenet_1k_64x64_hf_k8_epsilononly_p150eval_20k_seed2_cuda_2026-07-08/report.json,train,103,287.04735721474924,20000,restricted,16,8,32,epsilon_only,0.0
7,/root/autodl-tmp/CoFiTok/checkpoints/train_imagenet_1k_64x64_hf_k8_epsilononly_p150eval_5k_2026-07-08/checkpoint_final.pt,6.969107310154608,train_imagenet_1k_64x64_hf_k8_epsilononly_p150eval_5k_cuda,imagenet_1k_64x64_hf,5.339381323765394,64.69264268875122,0.09981759637594223,,,0.02925349771976471,0.02925349771976471,64,0.8438612150640048,81808,1.1000014607395445,2,tiny_conv,True,1.1378294229507446,train_imagenet_1k_64x64_hf_k8_epsilononly_p150eval_5k_2026-07-08,/root/autodl-tmp/CoFiTok/checkpoints/train_imagenet_1k_64x64_hf_k8_epsilononly_p150eval_5k_2026-07-08/report.json,train,139,237.97793031441952,5000,restricted,16,8,32,epsilon_only,0.0
7,/root/autodl-tmp/CoFiTok/checkpoints/train_imagenet_1k_64x64_hf_k8_epsilononly_p150eval_5k_seed2_2026-07-08/checkpoint_final.pt,6.571348183389221,train_imagenet_1k_64x64_hf_k8_epsilononly_p150eval_5k_seed2_cuda,imagenet_1k_64x64_hf,5.399607161235092,71.86515831947327,0.09403838962316513,,,0.04736199975013733,0.04736199975013733,64,0.880343224165733,81808,0.8837306760251522,2,tiny_conv,True,1.582203984260559,train_imagenet_1k_64x64_hf_k8_epsilononly_p150eval_5k_seed2_2026-07-08,/root/autodl-tmp/CoFiTok/checkpoints/train_imagenet_1k_64x64_hf_k8_epsilononly_p150eval_5k_seed2_2026-07-08/report.json,train,103,250.2437812454963,5000,restricted,16,8,32,epsilon_only,0.0
7,/root/autodl-tmp/CoFiTok/checkpoints/train_imagenet_1k_64x64_hf_k8_epsilononly_p150eval_multiscale_20k_2026-07-08/checkpoint_final.pt,5.940179858356714,train_imagenet_1k_64x64_hf_k8_epsilononly_p150eval_multiscale_20k_cuda,imagenet_1k_64x64_hf,6.034563637931359,296.50252079963684,0.06280111521482468,0.0,0.0,0.023194989189505577,0.023194989189505577,64,0.78672859690362,1660912,0.9146229034023625,2,multiscale_unet,True,1.381999135017395,train_imagenet_1k_64x64_hf_k8_epsilononly_p150eval_multiscale_20k_2026-07-08,/root/autodl-tmp/CoFiTok/checkpoints/train_imagenet_1k_64x64_hf_k8_epsilononly_p150eval_multiscale_20k_2026-07-08/report.json,train,151,373.7606201810103,20000,restricted,16,8,24,epsilon_only,0.0
1,/root/autodl-tmp/CoFiTok/checkpoints/train_tiny_imagenet_k8_channelmask_2k_2026-07-07/checkpoint_final.pt,,train_tiny_imagenet_k8_channelmask_2k_cuda,tiny_imagenet_200,,27.830778121948242,0.3007412552833557,,,0.14265164732933044,2.4900853633880615,64,0.0008725317533185515,81808,,2,tiny_conv,True,,train_tiny_imagenet_k8_channelmask_2k_2026-07-07,/root/autodl-tmp/CoFiTok/checkpoints/train_tiny_imagenet_k8_channelmask_2k_2026-07-07/report.json,train,73,,2000,restricted,16,8,32,channel_mask,
1,/root/autodl-tmp/CoFiTok/checkpoints/train_tiny_imagenet_k8_channelmask_2k_seed2_2026-07-07/checkpoint_final.pt,,train_tiny_imagenet_k8_channelmask_2k_seed2_cuda,tiny_imagenet_200,,26.549914121627808,0.37731778621673584,,,0.19634592533111572,5.329340934753418,64,0.0015208663195617964,81808,,2,tiny_conv,True,,train_tiny_imagenet_k8_channelmask_2k_seed2_2026-07-07,/root/autodl-tmp/CoFiTok/checkpoints/train_tiny_imagenet_k8_channelmask_2k_seed2_2026-07-07/report.json,train,103,,2000,restricted,16,8,32,channel_mask,
1,/root/autodl-tmp/CoFiTok/checkpoints/train_tiny_imagenet_k8_channelmask_3500_2026-07-07/checkpoint_final.pt,,train_tiny_imagenet_k8_channelmask_3500_cuda,tiny_imagenet_200,,48.16179084777832,0.271316796541214,,,0.14920978248119354,2.136871576309204,64,0.0005320743066630042,81808,,2,tiny_conv,True,,train_tiny_imagenet_k8_channelmask_3500_2026-07-07,/root/autodl-tmp/CoFiTok/checkpoints/train_tiny_imagenet_k8_channelmask_3500_2026-07-07/report.json,train,89,,3500,restricted,16,8,32,channel_mask,
1,/root/autodl-tmp/CoFiTok/checkpoints/train_tiny_imagenet_k8_channelmask_3500_seed2_2026-07-07/checkpoint_final.pt,,train_tiny_imagenet_k8_channelmask_3500_seed2_cuda,tiny_imagenet_200,,49.09653425216675,0.23466086387634277,,,0.15955030918121338,1.0976438522338867,64,0.0010318524678960988,81808,,2,tiny_conv,True,,train_tiny_imagenet_k8_channelmask_3500_seed2_2026-07-07,/root/autodl-tmp/CoFiTok/checkpoints/train_tiny_imagenet_k8_channelmask_3500_seed2_2026-07-07/report.json,train,113,,3500,restricted,16,8,32,channel_mask,
1,/root/autodl-tmp/CoFiTok/checkpoints/train_tiny_imagenet_k8_channelmask_5k_2026-07-08/checkpoint_final.pt,,train_tiny_imagenet_k8_channelmask_5k_cuda,tiny_imagenet_200,,64.36037635803223,0.25277769565582275,,,0.06549584865570068,0.8443303108215332,64,0.0005315238057100749,81808,,2,tiny_conv,True,,train_tiny_imagenet_k8_channelmask_5k_2026-07-08,/root/autodl-tmp/CoFiTok/checkpoints/train_tiny_imagenet_k8_channelmask_5k_2026-07-08/report.json,train,139,,5000,restricted,16,8,32,channel_mask,
1,/root/autodl-tmp/CoFiTok/checkpoints/train_tiny_imagenet_k8_channelmask_5k_seed2_2026-07-07/checkpoint_final.pt,,train_tiny_imagenet_k8_channelmask_5k_seed2_cuda,tiny_imagenet_200,,66.69301700592041,0.2641412615776062,,,0.12934726476669312,1.4327689409255981,64,0.0002618990438671109,81808,,2,tiny_conv,True,,train_tiny_imagenet_k8_channelmask_5k_seed2_2026-07-07,/root/autodl-tmp/CoFiTok/checkpoints/train_tiny_imagenet_k8_channelmask_5k_seed2_2026-07-07/report.json,train,103,,5000,restricted,16,8,32,channel_mask,
1,/root/autodl-tmp/CoFiTok/checkpoints/train_tiny_imagenet_k8_channelmask_6500_seed2_2026-07-07/checkpoint_final.pt,,train_tiny_imagenet_k8_channelmask_6500_seed2_cuda,tiny_imagenet_200,,92.48952651023865,0.23653022944927216,,,0.06051266938447952,1.2000486850738525,64,0.000710855032777846,81808,,2,tiny_conv,True,,train_tiny_imagenet_k8_channelmask_6500_seed2_2026-07-07,/root/autodl-tmp/CoFiTok/checkpoints/train_tiny_imagenet_k8_channelmask_6500_seed2_2026-07-07/report.json,train,113,,6500,restricted,16,8,32,channel_mask,
1,/root/autodl-tmp/CoFiTok/checkpoints/train_tiny_imagenet_k8_channelmask_p150eval_5k_seed2_2026-07-08/checkpoint_final.pt,0.3184830759252821,train_tiny_imagenet_k8_channelmask_p150eval_5k_seed2_cuda,tiny_imagenet_200,1.1640164914420992,64.11674356460571,0.2735663652420044,,,0.13022595643997192,1.5674291849136353,64,0.0002580993581729256,81808,4.946076078074319,2,tiny_conv,True,,train_tiny_imagenet_k8_channelmask_p150eval_5k_seed2_2026-07-08,/root/autodl-tmp/CoFiTok/checkpoints/train_tiny_imagenet_k8_channelmask_p150eval_5k_seed2_2026-07-08/report.json,train,103,,5000,restricted,16,8,32,channel_mask,
1,/root/autodl-tmp/CoFiTok/checkpoints/train_tiny_imagenet_k8_channelmask_smoke_800_2026-07-07/checkpoint_final.pt,,train_tiny_imagenet_k8_channelmask_smoke_800_cuda,tiny_imagenet_200,,11.278822183609009,0.4309559762477875,,,0.21489547193050385,12.863274574279785,64,0.0040612592457916425,81808,,2,tiny_conv,True,,train_tiny_imagenet_k8_channelmask_smoke_800_2026-07-07,/root/autodl-tmp/CoFiTok/checkpoints/train_tiny_imagenet_k8_channelmask_smoke_800_2026-07-07/report.json,train,61,,800,restricted,16,8,32,channel_mask,
7,/root/autodl-tmp/CoFiTok/checkpoints/train_tiny_imagenet_k8_denoisepath_2k_2026-07-08/checkpoint_final.pt,,train_tiny_imagenet_k8_denoisepath_2k_cuda,tiny_imagenet_200,,29.018634796142578,0.22633413970470428,,,0.053716354072093964,0.07709251344203949,64,0.493791728201799,81808,,2,tiny_conv,True,,train_tiny_imagenet_k8_denoisepath_2k_2026-07-08,/root/autodl-tmp/CoFiTok/checkpoints/train_tiny_imagenet_k8_denoisepath_2k_2026-07-08/report.json,train,139,,2000,restricted,16,8,32,full_denoise_path,
7,/root/autodl-tmp/CoFiTok/checkpoints/train_tiny_imagenet_k8_denoisepath_2k_seed2_2026-07-08/checkpoint_final.pt,,train_tiny_imagenet_k8_denoisepath_2k_seed2_cuda,tiny_imagenet_200,,30.86115264892578,0.2164946049451828,,,0.054235052317380905,0.08373342454433441,64,0.49388756703686476,81808,,2,tiny_conv,True,,train_tiny_imagenet_k8_denoisepath_2k_seed2_2026-07-08,/root/autodl-tmp/CoFiTok/checkpoints/train_tiny_imagenet_k8_denoisepath_2k_seed2_2026-07-08/report.json,train,151,,2000,restricted,16,8,32,full_denoise_path,
7,/root/autodl-tmp/CoFiTok/checkpoints/train_tiny_imagenet_k8_denoisepath_p075_2k_2026-07-08/checkpoint_final.pt,,train_tiny_imagenet_k8_denoisepath_p075_2k_cuda,tiny_imagenet_200,,28.897180557250977,0.24276944994926453,,,0.05456323176622391,0.08209119737148285,64,0.3264238715473654,81808,,2,tiny_conv,True,,train_tiny_imagenet_k8_denoisepath_p075_2k_2026-07-08,/root/autodl-tmp/CoFiTok/checkpoints/train_tiny_imagenet_k8_denoisepath_p075_2k_2026-07-08/report.json,train,139,,2000,restricted,16,8,32,full_denoise_path,
7,/root/autodl-tmp/CoFiTok/checkpoints/train_tiny_imagenet_k8_denoisepath_p150_2k_2026-07-08/checkpoint_final.pt,,train_tiny_imagenet_k8_denoisepath_p150_2k_cuda,tiny_imagenet_200,,28.391995191574097,0.21622315049171448,,,0.053048573434352875,0.07095528393983841,64,0.727506403732775,81808,,2,tiny_conv,True,,train_tiny_imagenet_k8_denoisepath_p150_2k_2026-07-08,/root/autodl-tmp/CoFiTok/checkpoints/train_tiny_imagenet_k8_denoisepath_p150_2k_2026-07-08/report.json,train,139,,2000,restricted,16,8,32,full_denoise_path,
7,/root/autodl-tmp/CoFiTok/checkpoints/train_tiny_imagenet_k8_denoisepath_p150_2k_seed2_2026-07-08/checkpoint_final.pt,,train_tiny_imagenet_k8_denoisepath_p150_2k_seed2_cuda,tiny_imagenet_200,,27.875342845916748,0.2096174955368042,,,0.052005600184202194,0.07370129227638245,64,0.7262102669672653,81808,,2,tiny_conv,True,,train_tiny_imagenet_k8_denoisepath_p150_2k_seed2_2026-07-08,/root/autodl-tmp/CoFiTok/checkpoints/train_tiny_imagenet_k8_denoisepath_p150_2k_seed2_2026-07-08/report.json,train,151,,2000,restricted,16,8,32,full_denoise_path,
7,/root/autodl-tmp/CoFiTok/checkpoints/train_tiny_imagenet_k8_denoisepath_p150_5k_2026-07-08/checkpoint_final.pt,,train_tiny_imagenet_k8_denoisepath_p150_5k_cuda,tiny_imagenet_200,,71.51737070083618,0.17232707142829895,,,0.0416225828230381,0.05389925092458725,64,0.7295481060539719,81808,,2,tiny_conv,True,,train_tiny_imagenet_k8_denoisepath_p150_5k_2026-07-08,/root/autodl-tmp/CoFiTok/checkpoints/train_tiny_imagenet_k8_denoisepath_p150_5k_2026-07-08/report.json,train,139,,5000,restricted,16,8,32,full_denoise_path,
7,/root/autodl-tmp/CoFiTok/checkpoints/train_tiny_imagenet_k8_denoisepath_p150_5k_seed2_2026-07-08/checkpoint_final.pt,4.596797047981194,train_tiny_imagenet_k8_denoisepath_p150_5k_seed2_cuda,tiny_imagenet_200,6.7984400258937425,69.07833504676819,0.17810498178005219,,,0.07229375839233398,0.12194546312093735,64,0.7352903554230192,81808,0.055839178817612786,2,tiny_conv,True,,train_tiny_imagenet_k8_denoisepath_p150_5k_seed2_2026-07-08,/root/autodl-tmp/CoFiTok/checkpoints/train_tiny_imagenet_k8_denoisepath_p150_5k_seed2_2026-07-08/report.json,train,103,,5000,restricted,16,8,32,full_denoise_path,
7,/root/autodl-tmp/CoFiTok/checkpoints/train_tiny_imagenet_k8_denoisepath_p150_light_20k_2026-07-08/checkpoint_final.pt,4.591788060963154,train_tiny_imagenet_k8_denoisepath_p150_light_20k_cuda,tiny_imagenet_200,6.780091261103634,308.611572265625,0.142678365111351,,,0.03370547667145729,0.03667645901441574,64,0.731278425537383,81808,0.03879537293687463,2,tiny_conv,True,13.229790687561035,train_tiny_imagenet_k8_denoisepath_p150_light_20k_2026-07-08,/root/autodl-tmp/CoFiTok/checkpoints/train_tiny_imagenet_k8_denoisepath_p150_light_20k_2026-07-08/report.json,train,139,165.26388067738606,20000,restricted,16,8,32,light_denoise_path,0.0
7,/root/autodl-tmp/CoFiTok/checkpoints/train_tiny_imagenet_k8_denoisepath_p150_light_20k_seed2_cuda_2026-07-08/checkpoint_final.pt,4.5220857209392955,train_tiny_imagenet_k8_denoisepath_p150_light_20k_seed2_cuda,tiny_imagenet_200,6.762166250857302,298.3224320411682,0.1457257717847824,,,0.10210500657558441,0.13529084622859955,64,0.7440343965970516,81808,0.04012529365718365,2,tiny_conv,True,13.498927116394043,train_tiny_imagenet_k8_denoisepath_p150_light_20k_seed2_cuda_2026-07-08,/root/autodl-tmp/CoFiTok/checkpoints/train_tiny_imagenet_k8_denoisepath_p150_light_20k_seed2_cuda_2026-07-08/report.json,train,103,163.83662994321483,20000,restricted,16,8,32,light_denoise_path,0.0
7,/root/autodl-tmp/CoFiTok/checkpoints/train_tiny_imagenet_k8_denoisepath_p150_light_5k_2026-07-08/checkpoint_final.pt,4.693736986390182,train_tiny_imagenet_k8_denoisepath_p150_light_5k_cuda,tiny_imagenet_200,6.804285433205951,69.19109773635864,0.1663869470357895,,,0.040600232779979706,0.04529618099331856,64,0.726713296747319,81808,0.07594848118190255,2,tiny_conv,True,8.09826374053955,train_tiny_imagenet_k8_denoisepath_p150_light_5k_2026-07-08,/root/autodl-tmp/CoFiTok/checkpoints/train_tiny_imagenet_k8_denoisepath_p150_light_5k_2026-07-08/report.json,train,139,143.5161342352467,5000,restricted,16,8,32,light_denoise_path,0.0
7,/root/autodl-tmp/CoFiTok/checkpoints/train_tiny_imagenet_k8_denoisepath_p150_light_5k_seed2_2026-07-08/checkpoint_final.pt,4.718161249799388,train_tiny_imagenet_k8_denoisepath_p150_light_5k_seed2_cuda,tiny_imagenet_200,6.843034763255056,69.09468269348145,0.1746429055929184,,,0.06840525567531586,0.08693470060825348,64,0.7332395805494513,81808,0.07627656896199499,2,tiny_conv,True,8.231287002563477,train_tiny_imagenet_k8_denoisepath_p150_light_5k_seed2_2026-07-08,/root/autodl-tmp/CoFiTok/checkpoints/train_tiny_imagenet_k8_denoisepath_p150_light_5k_seed2_2026-07-08/report.json,train,103,133.8465531868492,5000,restricted,16,8,32,light_denoise_path,0.0
7,/root/autodl-tmp/CoFiTok/checkpoints/train_tiny_imagenet_k8_denoisepath_p150_light_cleanmono_10k_cuda_2026-07-08/checkpoint_final.pt,4.700853117874691,train_tiny_imagenet_k8_denoisepath_p150_light_cleanmono_10k_cuda,tiny_imagenet_200,6.775030372551063,151.58290672302246,0.15600764751434326,,,0.05504404008388519,0.06237310916185379,64,0.7121237464327023,81808,0.048872937714414935,2,tiny_conv,True,9.12643814086914,train_tiny_imagenet_k8_denoisepath_p150_light_cleanmono_10k_cuda_2026-07-08,/root/autodl-tmp/CoFiTok/checkpoints/train_tiny_imagenet_k8_denoisepath_p150_light_cleanmono_10k_cuda_2026-07-08/report.json,train,163,148.46005500169252,10000,restricted,16,8,32,clean_monotonic_ablation,0.0
7,/root/autodl-tmp/CoFiTok/checkpoints/train_tiny_imagenet_k8_denoisepath_p150_light_cleanmono_5k_cuda_2026-07-09/checkpoint_final.pt,4.774403030318873,train_tiny_imagenet_k8_denoisepath_p150_light_cleanmono_5k_cuda,tiny_imagenet_200,6.765209693182966,71.55800199508667,0.1672244518995285,0.0,0.0,0.06461325287818909,0.07458509504795074,64,0.7078075849345311,81808,0.0726724062114954,2,tiny_conv,True,7.092642784118652,train_tiny_imagenet_k8_denoisepath_p150_light_cleanmono_5k_cuda_2026-07-09,/root/autodl-tmp/CoFiTok/checkpoints/train_tiny_imagenet_k8_denoisepath_p150_light_cleanmono_5k_cuda_2026-07-09/report.json,train,163,139.5620322960392,5000,restricted,16,8,32,clean_monotonic_ablation,0.0
7,/root/autodl-tmp/CoFiTok/checkpoints/train_tiny_imagenet_k8_denoisepath_p150_light_decorw0003_sched3000w1500_5k_2026-07-08/checkpoint_final.pt,4.734754223908697,train_tiny_imagenet_k8_denoisepath_p150_light_decorw0003_sched3000w1500_5k_cuda,tiny_imagenet_200,6.831569208831258,76.30483555793762,0.16613426804542542,0.003,0.6395601630210876,0.04059726372361183,0.047395650297403336,64,0.7215636162864225,81808,0.07970399875193834,2,tiny_conv,True,7.910308837890625,train_tiny_imagenet_k8_denoisepath_p150_light_decorw0003_sched3000w1500_5k_2026-07-08,/root/autodl-tmp/CoFiTok/checkpoints/train_tiny_imagenet_k8_denoisepath_p150_light_decorw0003_sched3000w1500_5k_2026-07-08/report.json,train,139,143.71157732986447,5000,restricted,16,8,32,component_decorrelation_ablation,0.0
7,/root/autodl-tmp/CoFiTok/checkpoints/train_tiny_imagenet_k8_denoisepath_p150_light_decorw0003_sched3000w1500_5k_seed2_2026-07-08/checkpoint_final.pt,4.7475341111421585,train_tiny_imagenet_k8_denoisepath_p150_light_decorw0003_sched3000w1500_5k_seed2_cuda,tiny_imagenet_200,6.882909130363266,75.60367345809937,0.1743365228176117,0.003,0.6139057278633118,0.06820037215948105,0.08871044963598251,64,0.7279817435615233,81808,0.07985132187604904,2,tiny_conv,True,8.017539024353027,train_tiny_imagenet_k8_denoisepath_p150_light_decorw0003_sched3000w1500_5k_seed2_2026-07-08,/root/autodl-tmp/CoFiTok/checkpoints/train_tiny_imagenet_k8_denoisepath_p150_light_decorw0003_sched3000w1500_5k_seed2_2026-07-08/report.json,train,103,134.12534353955877,5000,restricted,16,8,32,component_decorrelation_ablation,0.0
7,/root/autodl-tmp/CoFiTok/checkpoints/train_tiny_imagenet_k8_denoisepath_p150_light_decorw0005_5k_2026-07-08/checkpoint_final.pt,4.946294625954969,train_tiny_imagenet_k8_denoisepath_p150_light_decorw0005_5k_cuda,tiny_imagenet_200,6.797712760004425,80.38115167617798,0.16580359637737274,,0.5501209497451782,0.040722914040088654,0.048932917416095734,64,0.7061778642632678,81808,0.09553820373756546,2,tiny_conv,True,7.08937406539917,train_tiny_imagenet_k8_denoisepath_p150_light_decorw0005_5k_2026-07-08,/root/autodl-tmp/CoFiTok/checkpoints/train_tiny_imagenet_k8_denoisepath_p150_light_decorw0005_5k_2026-07-08/report.json,train,139,144.003492799561,5000,restricted,16,8,32,component_decorrelation_ablation,0.0
7,/root/autodl-tmp/CoFiTok/checkpoints/train_tiny_imagenet_k8_denoisepath_p150_light_decorw0005_sched2500w1500_5k_2026-07-08/checkpoint_final.pt,4.8324475799288065,train_tiny_imagenet_k8_denoisepath_p150_light_decorw0005_sched2500w1500_5k_cuda,tiny_imagenet_200,6.91747668620954,77.94353795051575,0.1655747890472412,0.005,0.5811145901679993,0.04067045450210571,0.04876869544386864,64,0.7098729769949074,81808,0.0864667354949883,2,tiny_conv,True,7.51887321472168,train_tiny_imagenet_k8_denoisepath_p150_light_decorw0005_sched2500w1500_5k_2026-07-08,/root/autodl-tmp/CoFiTok/checkpoints/train_tiny_imagenet_k8_denoisepath_p150_light_decorw0005_sched2500w1500_5k_2026-07-08/report.json,train,139,144.1609973634608,5000,restricted,16,8,32,component_decorrelation_ablation,0.0
7,/root/autodl-tmp/CoFiTok/checkpoints/train_tiny_imagenet_k8_denoisepath_p150_light_deepsk_5k_cuda_2026-07-09/checkpoint_final.pt,4.646185805755002,train_tiny_imagenet_k8_denoisepath_p150_light_deepsk_5k_cuda,tiny_imagenet_200,6.888914326074404,139.36867713928223,0.1662418693304062,0.0,0.0,0.038993000984191895,0.04292597621679306,64,0.7074324375560821,272800,0.04769849205123527,2,tiny_conv,True,1.5424764156341553,train_tiny_imagenet_k8_denoisepath_p150_light_deepsk_5k_cuda_2026-07-09,/root/autodl-tmp/CoFiTok/checkpoints/train_tiny_imagenet_k8_denoisepath_p150_light_deepsk_5k_cuda_2026-07-09/report.json,train,139,141.70339547070387,5000,deep_decoder,16,8,32,deep_synthesis_ablation,0.050537750124931335
7,/root/autodl-tmp/CoFiTok/checkpoints/train_tiny_imagenet_k8_denoisepath_p150_light_multiscale_10k_cuda_2026-07-08/checkpoint_final.pt,4.680307714002473,train_tiny_imagenet_k8_denoisepath_p150_light_multiscale_10k_cuda,tiny_imagenet_200,6.809599260821862,182.22736978530884,0.12501266598701477,,,0.06976816058158875,0.07951843738555908,64,0.7200904138102054,1660912,0.0432551265694201,2,multiscale_unet,True,11.42535400390625,train_tiny_imagenet_k8_denoisepath_p150_light_multiscale_10k_cuda_2026-07-08,/root/autodl-tmp/CoFiTok/checkpoints/train_tiny_imagenet_k8_denoisepath_p150_light_multiscale_10k_cuda_2026-07-08/report.json,train,151,188.26046497878647,10000,restricted,16,8,24,light_denoise_path,0.0
7,/root/autodl-tmp/CoFiTok/checkpoints/train_tiny_imagenet_k8_denoisepath_p150_light_multiscale_20k_2026-07-08/checkpoint_final.pt,4.595594036792006,train_tiny_imagenet_k8_denoisepath_p150_light_multiscale_20k_cuda,tiny_imagenet_200,6.76060429224297,343.0694782733917,0.1234336644411087,0.0,0.0,0.029197165742516518,0.031478460878133774,64,0.7316418382707297,1660912,0.034593095005090745,2,multiscale_unet,True,15.61658000946045,train_tiny_imagenet_k8_denoisepath_p150_light_multiscale_20k_2026-07-08,/root/autodl-tmp/CoFiTok/checkpoints/train_tiny_imagenet_k8_denoisepath_p150_light_multiscale_20k_2026-07-08/report.json,train,151,187.66081410342233,20000,restricted,16,8,24,light_denoise_path,0.0
7,/root/autodl-tmp/CoFiTok/checkpoints/train_tiny_imagenet_k8_denoisepath_p150_light_nopathprefix_10k_cuda_2026-07-08/checkpoint_final.pt,4.999934498752866,train_tiny_imagenet_k8_denoisepath_p150_light_nopathprefix_10k_cuda,tiny_imagenet_200,6.507091037526177,151.88777923583984,0.16206353902816772,,,0.0542176328599453,0.05828813090920448,64,0.7563176738576358,81808,0.07292723888531327,2,tiny_conv,True,9.146017074584961,train_tiny_imagenet_k8_denoisepath_p150_light_nopathprefix_10k_cuda_2026-07-08,/root/autodl-tmp/CoFiTok/checkpoints/train_tiny_imagenet_k8_denoisepath_p150_light_nopathprefix_10k_cuda_2026-07-08/report.json,train,157,146.12843148612987,10000,restricted,16,8,32,no_prefix_loss_ablation,0.0
7,/root/autodl-tmp/CoFiTok/checkpoints/train_tiny_imagenet_k8_denoisepath_p150_light_nopathprefix_5k_cuda_2026-07-09/checkpoint_final.pt,4.928716217832906,train_tiny_imagenet_k8_denoisepath_p150_light_nopathprefix_5k_cuda,tiny_imagenet_200,6.570695572078357,75.9377326965332,0.1651623398065567,0.0,0.0,0.051061056554317474,0.05507006123661995,64,0.7621145178204731,81808,0.1122341241155352,2,tiny_conv,True,7.040804386138916,train_tiny_imagenet_k8_denoisepath_p150_light_nopathprefix_5k_cuda_2026-07-09,/root/autodl-tmp/CoFiTok/checkpoints/train_tiny_imagenet_k8_denoisepath_p150_light_nopathprefix_5k_cuda_2026-07-09/report.json,train,157,141.2351790536453,5000,restricted,16,8,32,no_prefix_loss_ablation,0.0
7,/root/autodl-tmp/CoFiTok/checkpoints/train_tiny_imagenet_k8_denoisepath_p150_light_simultaneous_5k_cuda_2026-07-09/checkpoint_final.pt,4.6781394854187965,train_tiny_imagenet_k8_denoisepath_p150_light_simultaneous_5k_cuda,tiny_imagenet_200,6.871676960784846,76.23540210723877,0.1683052033185959,0.0,0.0,0.03420473635196686,0.03852279484272003,64,0.7264567016914523,76096,0.07517398361648832,2,tiny_conv,False,15.136507987976074,train_tiny_imagenet_k8_denoisepath_p150_light_simultaneous_5k_cuda_2026-07-09,/root/autodl-tmp/CoFiTok/checkpoints/train_tiny_imagenet_k8_denoisepath_p150_light_simultaneous_5k_cuda_2026-07-09/report.json,train,139,139.25017585571234,5000,restricted,16,8,32,simultaneous_predictor,0.0
6,/root/autodl-tmp/CoFiTok/checkpoints/train_tiny_imagenet_k8_epsilononly_p150eval_20k_2026-07-08/checkpoint_final.pt,6.894444535885539,train_tiny_imagenet_k8_epsilononly_p150eval_20k_cuda,tiny_imagenet_200,5.3361291469056376,250.7404294013977,0.14134886860847473,,,0.033062368631362915,0.033062368631362915,64,0.822550521200381,81808,1.1120766997337341,2,tiny_conv,True,1.2317750453948975,train_tiny_imagenet_k8_epsilononly_p150eval_20k_2026-07-08,/root/autodl-tmp/CoFiTok/checkpoints/train_tiny_imagenet_k8_epsilononly_p150eval_20k_2026-07-08/report.json,train,139,166.06909429100162,20000,restricted,16,8,32,epsilon_only,0.0
7,/root/autodl-tmp/CoFiTok/checkpoints/train_tiny_imagenet_k8_epsilononly_p150eval_20k_seed2_cuda_2026-07-08/checkpoint_final.pt,6.4140191418784,train_tiny_imagenet_k8_epsilononly_p150eval_20k_seed2_cuda,tiny_imagenet_200,5.291000434196112,262.6965751647949,0.1393117904663086,,,0.09564238041639328,0.09564238041639328,64,0.889498972356904,81808,0.9078783094882965,2,tiny_conv,True,1.5916810035705566,train_tiny_imagenet_k8_epsilononly_p150eval_20k_seed2_cuda_2026-07-08,/root/autodl-tmp/CoFiTok/checkpoints/train_tiny_imagenet_k8_epsilononly_p150eval_20k_seed2_cuda_2026-07-08/report.json,train,103,168.5090943941292,20000,restricted,16,8,32,epsilon_only,0.0
7,/root/autodl-tmp/CoFiTok/checkpoints/train_tiny_imagenet_k8_epsilononly_p150eval_5k_2026-07-08/checkpoint_final.pt,6.991116612085274,train_tiny_imagenet_k8_epsilononly_p150eval_5k_cuda,tiny_imagenet_200,5.568233919701436,63.69913196563721,0.16291789710521698,,,0.03992561623454094,0.03992561623454094,64,0.8196283219507748,81808,1.1171285259936536,2,tiny_conv,True,1.1089762449264526,train_tiny_imagenet_k8_epsilononly_p150eval_5k_2026-07-08,/root/autodl-tmp/CoFiTok/checkpoints/train_tiny_imagenet_k8_epsilononly_p150eval_5k_2026-07-08/report.json,train,139,146.60230974638338,5000,restricted,16,8,32,epsilon_only,0.0
7,/root/autodl-tmp/CoFiTok/checkpoints/train_tiny_imagenet_k8_epsilononly_p150eval_5k_seed2_2026-07-08/checkpoint_final.pt,6.494895350720201,train_tiny_imagenet_k8_epsilononly_p150eval_5k_seed2_cuda,tiny_imagenet_200,5.377338493768649,63.62392067909241,0.16926376521587372,,,0.06393897533416748,0.06393897533416748,64,0.8817884357475329,81808,0.8459047962512288,2,tiny_conv,True,1.615848183631897,train_tiny_imagenet_k8_epsilononly_p150eval_5k_seed2_2026-07-08,/root/autodl-tmp/CoFiTok/checkpoints/train_tiny_imagenet_k8_epsilononly_p150eval_5k_seed2_2026-07-08/report.json,train,103,138.90745665655348,5000,restricted,16,8,32,epsilon_only,0.0
7,/root/autodl-tmp/CoFiTok/checkpoints/train_tiny_imagenet_k8_epsilononly_p150eval_multiscale_20k_2026-07-08/checkpoint_final.pt,5.943774438330105,train_tiny_imagenet_k8_epsilononly_p150eval_multiscale_20k_cuda,tiny_imagenet_200,6.039287518762654,300.50410628318787,0.1172734797000885,0.0,0.0,0.02889035828411579,0.02889035828411579,64,0.7929340640449487,1660912,0.899750509432384,2,multiscale_unet,True,1.3817193508148193,train_tiny_imagenet_k8_epsilononly_p150eval_multiscale_20k_2026-07-08,/root/autodl-tmp/CoFiTok/checkpoints/train_tiny_imagenet_k8_epsilononly_p150eval_multiscale_20k_2026-07-08/report.json,train,151,197.58787612339884,20000,restricted,16,8,24,epsilon_only,0.0
1,/root/autodl-tmp/CoFiTok/checkpoints/train_tiny_imagenet_k8_tailstage_alt_e1_200_seed2_2026-07-07/checkpoint_final.pt,,train_tiny_imagenet_k8_tailstage_alt_endpoint_200_seed2_cuda,tiny_imagenet_200,,2.2956981658935547,0.32621097564697266,,,0.1211673766374588,0.42627012729644775,64,0.012497324222874657,81808,,2,tiny_conv,True,,train_tiny_imagenet_k8_tailstage_alt_e1_200_seed2_2026-07-07,/root/autodl-tmp/CoFiTok/checkpoints/train_tiny_imagenet_k8_tailstage_alt_e1_200_seed2_2026-07-07/report.json,train,131,,200,restricted,16,8,32,other,
1,/root/autodl-tmp/CoFiTok/checkpoints/train_tiny_imagenet_k8_tailstage_alt_e3_200_seed2_2026-07-07/checkpoint_final.pt,,train_tiny_imagenet_k8_tailstage_alt_endpoint_200_seed2_cuda,tiny_imagenet_200,,2.2962281703948975,0.32741913199424744,,,0.12131056189537048,0.4175008237361908,64,0.013149932421461796,81808,,2,tiny_conv,True,,train_tiny_imagenet_k8_tailstage_alt_e3_200_seed2_2026-07-07,/root/autodl-tmp/CoFiTok/checkpoints/train_tiny_imagenet_k8_tailstage_alt_e3_200_seed2_2026-07-07/report.json,train,131,,200,restricted,16,8,32,other,
1,/root/autodl-tmp/CoFiTok/checkpoints/train_tiny_imagenet_k8_tailstage_alt_e5_200_seed2_2026-07-07/checkpoint_final.pt,,train_tiny_imagenet_k8_tailstage_alt_endpoint_200_seed2_cuda,tiny_imagenet_200,,2.2881968021392822,0.3281744718551636,,,0.12126851081848145,0.41187432408332825,64,0.013627079144018917,81808,,2,tiny_conv,True,,train_tiny_imagenet_k8_tailstage_alt_e5_200_seed2_2026-07-07,/root/autodl-tmp/CoFiTok/checkpoints/train_tiny_imagenet_k8_tailstage_alt_e5_200_seed2_2026-07-07/report.json,train,131,,200,restricted,16,8,32,other,
2,/root/autodl-tmp/CoFiTok/checkpoints/train_tiny_imagenet_k8_tailstage_alt_t2_200_seed2_2026-07-07/checkpoint_final.pt,,train_tiny_imagenet_k8_tailstage_alt_tail_200_seed2_cuda,tiny_imagenet_200,,1.6599774360656738,0.30716991424560547,,,0.13380882143974304,0.13380882143974304,64,0.029389292800986122,81808,,2,tiny_conv,True,,train_tiny_imagenet_k8_tailstage_alt_t2_200_seed2_2026-07-07,/root/autodl-tmp/CoFiTok/checkpoints/train_tiny_imagenet_k8_tailstage_alt_t2_200_seed2_2026-07-07/report.json,train,127,,200,restricted,16,8,32,other,
2,/root/autodl-tmp/CoFiTok/checkpoints/train_tiny_imagenet_k8_tailstage_alt_t4_200_seed2_2026-07-07/checkpoint_final.pt,,train_tiny_imagenet_k8_tailstage_alt_tail_200_seed2_cuda,tiny_imagenet_200,,1.6455421447753906,0.3063804507255554,,,0.13378208875656128,0.13378208875656128,64,0.03185506672451556,81808,,2,tiny_conv,True,,train_tiny_imagenet_k8_tailstage_alt_t4_200_seed2_2026-07-07,/root/autodl-tmp/CoFiTok/checkpoints/train_tiny_imagenet_k8_tailstage_alt_t4_200_seed2_2026-07-07/report.json,train,127,,200,restricted,16,8,32,other,
1,/root/autodl-tmp/CoFiTok/checkpoints/train_tiny_imagenet_k8_tailstage_endpoint_1k_2026-07-07/checkpoint_final.pt,,train_tiny_imagenet_k8_tailstage_endpoint_1k_cuda,tiny_imagenet_200,,6.894861936569214,0.24877986311912537,,,0.06632297486066818,0.2341306060552597,64,0.015107908525823655,81808,,2,tiny_conv,True,,train_tiny_imagenet_k8_tailstage_endpoint_1k_2026-07-07,/root/autodl-tmp/CoFiTok/checkpoints/train_tiny_imagenet_k8_tailstage_endpoint_1k_2026-07-07/report.json,train,83,,1000,restricted,16,8,32,other,
1,/root/autodl-tmp/CoFiTok/checkpoints/train_tiny_imagenet_k8_tailstage_endpoint_500_2026-07-07/checkpoint_final.pt,,train_tiny_imagenet_k8_tailstage_endpoint_500_cuda,tiny_imagenet_200,,3.9877121448516846,0.36336588859558105,,,0.1658528447151184,1.4383435249328613,64,0.010278046778112377,81808,,2,tiny_conv,True,,train_tiny_imagenet_k8_tailstage_endpoint_500_2026-07-07,/root/autodl-tmp/CoFiTok/checkpoints/train_tiny_imagenet_k8_tailstage_endpoint_500_2026-07-07/report.json,train,71,,500,restricted,16,8,32,other,
1,/root/autodl-tmp/CoFiTok/checkpoints/train_tiny_imagenet_k8_tailstage_endpoint_latemono_1k_2026-07-07/checkpoint_final.pt,,train_tiny_imagenet_k8_tailstage_endpoint_latemono_1k_cuda,tiny_imagenet_200,,7.90008020401001,0.2566487491130829,,,0.17481347918510437,0.43851786851882935,64,0.013340451515069005,81808,,2,tiny_conv,True,,train_tiny_imagenet_k8_tailstage_endpoint_latemono_1k_2026-07-07,/root/autodl-tmp/CoFiTok/checkpoints/train_tiny_imagenet_k8_tailstage_endpoint_latemono_1k_2026-07-07/report.json,train,97,,1000,restricted,16,8,32,other,
1,/root/autodl-tmp/CoFiTok/checkpoints/train_tiny_imagenet_k8_tailstage_endpoint_latemono_soft_1k_2026-07-07/checkpoint_final.pt,,train_tiny_imagenet_k8_tailstage_endpoint_latemono_soft_1k_cuda,tiny_imagenet_200,,7.891319990158081,0.24847114086151123,,,0.15870773792266846,0.37903234362602234,64,0.0140131561066025,81808,,2,tiny_conv,True,,train_tiny_imagenet_k8_tailstage_endpoint_latemono_soft_1k_2026-07-07,/root/autodl-tmp/CoFiTok/checkpoints/train_tiny_imagenet_k8_tailstage_endpoint_latemono_soft_1k_2026-07-07/report.json,train,101,,1000,restricted,16,8,32,other,
1,/root/autodl-tmp/CoFiTok/checkpoints/train_tiny_imagenet_k8_tailstage_endpoint_latemono_soft_1k_from5k_seed2_2026-07-07/checkpoint_final.pt,,train_tiny_imagenet_k8_tailstage_endpoint_latemono_soft_1k_from5k_seed2_cuda,tiny_imagenet_200,,7.666207790374756,0.24748775362968445,,,0.07938141375780106,0.19030287861824036,64,0.004772722496564905,81808,,2,tiny_conv,True,,train_tiny_imagenet_k8_tailstage_endpoint_latemono_soft_1k_from5k_seed2_2026-07-07,/root/autodl-tmp/CoFiTok/checkpoints/train_tiny_imagenet_k8_tailstage_endpoint_latemono_soft_1k_from5k_seed2_2026-07-07/report.json,train,109,,1000,restricted,16,8,32,other,
1,/root/autodl-tmp/CoFiTok/checkpoints/train_tiny_imagenet_k8_tailstage_endpoint_latemono_soft_1k_seed2_2026-07-07/checkpoint_final.pt,,train_tiny_imagenet_k8_tailstage_endpoint_latemono_soft_1k_seed2_cuda,tiny_imagenet_200,,7.548079967498779,0.3348783850669861,,,0.09298142790794373,0.4126823842525482,64,0.015517309004111537,81808,,2,tiny_conv,True,,train_tiny_imagenet_k8_tailstage_endpoint_latemono_soft_1k_seed2_2026-07-07,/root/autodl-tmp/CoFiTok/checkpoints/train_tiny_imagenet_k8_tailstage_endpoint_latemono_soft_1k_seed2_2026-07-07/report.json,train,109,,1000,restricted,16,8,32,other,
1,/root/autodl-tmp/CoFiTok/checkpoints/train_tiny_imagenet_k8_tailstage_endpoint_latemono_soft_e006_1k_seed2_2026-07-07/checkpoint_final.pt,,train_tiny_imagenet_k8_tailstage_endpoint_latemono_soft_e006_1k_seed2_cuda,tiny_imagenet_200,,7.855117321014404,0.34459587931632996,,,0.0945524200797081,0.6915386319160461,64,0.01425272958098995,81808,,2,tiny_conv,True,,train_tiny_imagenet_k8_tailstage_endpoint_latemono_soft_e006_1k_seed2_2026-07-07,/root/autodl-tmp/CoFiTok/checkpoints/train_tiny_imagenet_k8_tailstage_endpoint_latemono_soft_e006_1k_seed2_2026-07-07/report.json,train,109,,1000,restricted,16,8,32,other,
1,/root/autodl-tmp/CoFiTok/checkpoints/train_tiny_imagenet_k8_tailstage_warm_300_2026-07-07/checkpoint_final.pt,,train_tiny_imagenet_k8_tailstage_warm_300_cuda,tiny_imagenet_200,,2.059340238571167,0.3901903033256531,,,0.12119057029485703,0.12119057029485703,64,0.023355308011398283,81808,,2,tiny_conv,True,,train_tiny_imagenet_k8_tailstage_warm_300_2026-07-07,/root/autodl-tmp/CoFiTok/checkpoints/train_tiny_imagenet_k8_tailstage_warm_300_2026-07-07/report.json,train,67,,300,restricted,16,8,32,other,
1,/root/autodl-tmp/CoFiTok/checkpoints/train_tiny_imagenet_k8_tailstage_warm_500_2026-07-07/checkpoint_final.pt,,train_tiny_imagenet_k8_tailstage_warm_500_cuda,tiny_imagenet_200,,2.82497239112854,0.2589784860610962,,,0.13675177097320557,0.13675177097320557,64,0.021581090489264855,81808,,2,tiny_conv,True,,train_tiny_imagenet_k8_tailstage_warm_500_2026-07-07,/root/autodl-tmp/CoFiTok/checkpoints/train_tiny_imagenet_k8_tailstage_warm_500_2026-07-07/report.json,train,79,,500,restricted,16,8,32,other,
1,/root/autodl-tmp/CoFiTok/checkpoints/train_tiny_imagenet_k8_tailstage_warm_500_from5k_seed2_2026-07-07/checkpoint_final.pt,,train_tiny_imagenet_k8_tailstage_warm_500_from5k_seed2_cuda,tiny_imagenet_200,,2.9515669345855713,0.2383410930633545,,,0.1111544594168663,0.1111544594168663,64,0.0080369863392848,81808,,2,tiny_conv,True,,train_tiny_imagenet_k8_tailstage_warm_500_from5k_seed2_2026-07-07,/root/autodl-tmp/CoFiTok/checkpoints/train_tiny_imagenet_k8_tailstage_warm_500_from5k_seed2_2026-07-07/report.json,train,107,,500,restricted,16,8,32,other,
2,/root/autodl-tmp/CoFiTok/checkpoints/train_tiny_imagenet_k8_tailstage_warm_500_seed2_2026-07-07/checkpoint_final.pt,,train_tiny_imagenet_k8_tailstage_warm_500_seed2_cuda,tiny_imagenet_200,,2.9873480796813965,0.3116590678691864,,,0.12667427957057953,0.12667427957057953,64,0.02390301062100629,81808,,2,tiny_conv,True,,train_tiny_imagenet_k8_tailstage_warm_500_seed2_2026-07-07,/root/autodl-tmp/CoFiTok/checkpoints/train_tiny_imagenet_k8_tailstage_warm_500_seed2_2026-07-07/report.json,train,107,,500,restricted,16,8,32,other,
