checkpoint,component_energy_ratios,component_max_abs_cosine,component_mean_abs_cosine,component_order,component_order_indices,config_name,dataset,denoise_path_mse_auc,endpoint_epsilon_sum_mse,energy_effective_token_count,final_budget,final_inception_frechet,final_lowres_frechet_proxy,final_lpips_alex,final_mse,final_psnr_db,fixed_timestep,image_count,image_size,inception_available,inception_frechet_auc,lowres_frechet_proxy_auc,lpips_alex_auc,lpips_available,mse_auc,parameter_count,predictor_multiscale_levels,predictor_type,predictor_use_feedback,prefix_budgets,psnr_auc,random_order_seed,report_dir,report_path,report_type,seed,split,steps,synthesis_mode,token_channels,token_count,train_batch_size,variant,zero_token_ratio
/root/autodl-tmp/CoFiTok/checkpoints/train_afhqv2_64_k8_channelmask_p150eval_5k_cuda_2026-07-09/checkpoint_final.pt,,0.580262303352356,0.09046368141259466,,,train_afhqv2_64_k8_channelmask_p150eval_5k_cuda,afhqv2_64,,,,8,262.90118180498337,4.442923964516158,0.6254692748188972,0.18352599907666445,13.38362394370871,500,512,64,True,267.17642065631895,5.702940947454596,0.8123505519082149,True,0.2508987900801003,81808,2,tiny_conv,True,"[1, 2, 4, 8]",12.243260618367392,,quality_afhqv2_64_channelmask_5k_512_t500_lpips_inception_2026-07-09,/root/autodl-tmp/CoFiTok/checkpoints/quality_afhqv2_64_channelmask_5k_512_t500_lpips_inception_2026-07-09/quality_report.json,quality,139,val,5000,restricted,16,8,32,channel_mask,
/root/autodl-tmp/CoFiTok/checkpoints/train_afhqv2_64_k8_denoisepath_p150_light_cleanmono_5k_cuda_2026-07-09/checkpoint_final.pt,,0.8855305314064026,0.7129900881222316,,,train_afhqv2_64_k8_denoisepath_p150_light_cleanmono_5k_cuda,afhqv2_64,,,,8,282.349110421682,0.9996732544390818,0.4510429557412863,0.12189111253246665,15.160879503430401,500,512,64,True,318.1855175923535,4.704962686209309,0.9691971549764276,True,6.846860056354974,81808,2,tiny_conv,True,"[1, 2, 4, 8]",0.14358149633184425,,quality_afhqv2_64_cleanmono_5k_512_t500_lpips_inception_2026-07-09,/root/autodl-tmp/CoFiTok/checkpoints/quality_afhqv2_64_cleanmono_5k_512_t500_lpips_inception_2026-07-09/quality_report.json,quality,163,val,5000,restricted,16,8,32,clean_monotonic_ablation,
/root/autodl-tmp/CoFiTok/checkpoints/train_afhqv2_64_k8_denoisepath_p150_light_5k_cuda_2026-07-09/checkpoint_final.pt,"[0.02490538340074203, 0.036233581837822076, 0.0937007019614731, 0.11792064547401342, 0.14408161606619505, 0.18730513889428424, 0.18594223714786698, 0.2099106952176031]",0.8580898642539978,0.7406889455659049,ordered,"[0, 1, 2, 3, 4, 5, 6, 7]",train_afhqv2_64_k8_denoisepath_p150_light_5k_cuda,afhqv2_64,0.06528338009125687,0.0,6.817521653292959,8,265.0386909240869,0.8850895193563822,0.43661915324628353,0.12171407416462898,15.167191914164803,500,512,64,True,287.0312228123253,3.859298298370578,0.9947225875886423,True,4.654102415112512,81808,2,tiny_conv,True,"[1, 2, 3, 4, 5, 6, 7, 8]",1.677356175846816,0,quality_afhqv2_64_cofitok_5k_512_t500_2026-07-11_fair_p0,/root/autodl-tmp/CoFiTok/checkpoints/quality_afhqv2_64_cofitok_5k_512_t500_2026-07-11_fair_p0/quality_report.json,quality,139,val,5000,restricted,16,8,32,light_denoise_path,0.0
/root/autodl-tmp/CoFiTok/checkpoints/train_afhqv2_64_k8_denoisepath_p150_light_deepsk_5k_cuda_2026-07-09/checkpoint_final.pt,,0.9638723134994507,0.8426496301378522,,,train_afhqv2_64_k8_denoisepath_p150_light_deepsk_5k_cuda,afhqv2_64,,,,8,255.62276894148783,0.9927210518619966,0.4552092719823122,0.12333457451313734,15.109751514279736,500,512,64,True,314.6501907832944,4.772753580462555,0.9734831033274531,True,6.7311783710805075,272800,2,tiny_conv,True,"[1, 2, 4, 8]",0.1843025660431691,,quality_afhqv2_64_deepsk_5k_512_t500_lpips_inception_2026-07-09,/root/autodl-tmp/CoFiTok/checkpoints/quality_afhqv2_64_deepsk_5k_512_t500_lpips_inception_2026-07-09/quality_report.json,quality,139,val,5000,deep_decoder,16,8,32,deep_synthesis_ablation,
/root/autodl-tmp/CoFiTok/checkpoints/train_afhqv2_64_k8_densehead_p150eval_5k_cuda_2026-07-11_dense_monolithic/checkpoint_final.pt,[1.0],0.0,0.0,ordered,[0],train_afhqv2_64_k8_densehead_p150eval_5k_cuda,afhqv2_64,0.12207491509616375,0.0,1.0,1,260.58663917304307,1.1520253817501476,0.43325547128915787,0.12207491509616375,15.154335604261156,500,512,64,True,260.58663917304307,1.1520253817501476,0.43325547128915787,True,0.12207491509616375,80707,2,tiny_conv,False,[1],15.154335604261156,0,quality_afhqv2_64_dense_monolithic_5k_512_t500_2026-07-11_dense_monolithic,/root/autodl-tmp/CoFiTok/checkpoints/quality_afhqv2_64_dense_monolithic_5k_512_t500_2026-07-11_dense_monolithic/quality_report.json,quality,139,val,5000,dense_identity,3,1,32,dense_monolithic,0.0
/root/autodl-tmp/CoFiTok/checkpoints/train_afhqv2_64_k8_epsilononly_p150eval_5k_cuda_2026-07-09/checkpoint_final.pt,"[0.006616937838974225, 0.015684988756150212, 0.042676233054200784, 0.09431386363266463, 0.12023016313746968, 0.13385860275806977, 0.3227458778530692, 0.2638733329694015]",0.4924420118331909,0.15733023413590022,ordered,"[0, 1, 2, 3, 4, 5, 6, 7]",train_afhqv2_64_k8_epsilononly_p150eval_5k_cuda,afhqv2_64,1.0185333807520303,0.0,5.452581309325327,8,251.50741695420754,1.0028350323740016,0.45465160347521305,0.12091175327077508,15.195914726628292,500,512,64,True,309.43331682050183,5.506252458109059,0.9698130016082099,True,6.926353427348658,81808,2,tiny_conv,True,"[1, 2, 3, 4, 5, 6, 7, 8]",-0.927548877861897,0,quality_afhqv2_64_endpoint_only_5k_512_t500_2026-07-11_fair_p0,/root/autodl-tmp/CoFiTok/checkpoints/quality_afhqv2_64_endpoint_only_5k_512_t500_2026-07-11_fair_p0/quality_report.json,quality,139,val,5000,restricted,16,8,32,epsilon_only,0.0
/root/autodl-tmp/CoFiTok/checkpoints/train_afhqv2_64_k8_epsilononly_p150eval_5k_cuda_2026-07-09/checkpoint_final.pt,,0.4924420118331909,0.15733023413590022,,,train_afhqv2_64_k8_epsilononly_p150eval_5k_cuda,afhqv2_64,,,,8,251.50741695420754,1.0028350323740016,0.45465160347521305,0.12091175327077508,15.195914726628292,500,512,64,True,309.44145090941515,4.774625410113026,0.966519377194345,True,8.295283611631021,81808,2,tiny_conv,True,"[1, 2, 4, 8]",-0.7090953288488583,,quality_afhqv2_64_epsilononly_5k_512_t500_lpips_inception_2026-07-09,/root/autodl-tmp/CoFiTok/checkpoints/quality_afhqv2_64_epsilononly_5k_512_t500_lpips_inception_2026-07-09/quality_report.json,quality,139,val,5000,restricted,16,8,32,epsilon_only,
/root/autodl-tmp/CoFiTok/checkpoints/train_afhqv2_64_k8_denoisepath_p150_light_5k_cuda_2026-07-09/checkpoint_final.pt,,0.8580898642539978,0.7406889455659049,,,train_afhqv2_64_k8_denoisepath_p150_light_5k_cuda,afhqv2_64,,,,8,265.0386909240869,0.8850895193563822,0.43661915324628353,0.12171407416462898,15.167191914164803,500,512,64,True,313.30965279202513,4.617680766273128,0.9646102894718448,True,6.67081633520623,81808,2,tiny_conv,True,"[1, 2, 4, 8]",0.2043264070373342,,quality_afhqv2_64_k8_light_5k_512_t500_lpips_inception_2026-07-09,/root/autodl-tmp/CoFiTok/checkpoints/quality_afhqv2_64_k8_light_5k_512_t500_lpips_inception_2026-07-09/quality_report.json,quality,139,val,5000,restricted,16,8,32,light_denoise_path,
/root/autodl-tmp/CoFiTok/checkpoints/train_afhqv2_64_k8_denoisepath_p150_light_nopathprefix_5k_cuda_2026-07-09/checkpoint_final.pt,,0.9172881245613098,0.7234881477696555,,,train_afhqv2_64_k8_denoisepath_p150_light_nopathprefix_5k_cuda,afhqv2_64,,,,8,257.0475963863214,1.0810634846454987,0.4444106686860323,0.1241555972956121,15.080936877370036,500,512,64,True,312.0987841056381,4.741074178267535,0.9765637681509057,True,7.0242043264055,81808,2,tiny_conv,True,"[1, 2, 4, 8]",-0.04800466452171914,,quality_afhqv2_64_nopathprefix_5k_512_t500_lpips_inception_2026-07-09,/root/autodl-tmp/CoFiTok/checkpoints/quality_afhqv2_64_nopathprefix_5k_512_t500_lpips_inception_2026-07-09/quality_report.json,quality,157,val,5000,restricted,16,8,32,no_prefix_loss_ablation,
/root/autodl-tmp/CoFiTok/checkpoints/train_afhqv2_64_k8_denoisepath_p150_light_simultaneous_5k_cuda_2026-07-09/checkpoint_final.pt,,0.871103048324585,0.7561698768820081,,,train_afhqv2_64_k8_denoisepath_p150_light_simultaneous_5k_cuda,afhqv2_64,,,,8,245.00185527905364,1.017338784038959,0.46293102391064167,0.12346955668181181,15.105001025171482,500,512,64,True,310.86854891638615,4.612879846099404,0.9723308014993867,True,6.592060361523181,76096,2,tiny_conv,False,"[1, 2, 4, 8]",0.23089919842663095,,quality_afhqv2_64_simultaneous_5k_512_t500_lpips_inception_2026-07-09,/root/autodl-tmp/CoFiTok/checkpoints/quality_afhqv2_64_simultaneous_5k_512_t500_lpips_inception_2026-07-09/quality_report.json,quality,139,val,5000,restricted,16,8,32,simultaneous_predictor,
/root/autodl-tmp/CoFiTok/checkpoints/train_cifar10_k8_channelmask_p150eval_3k_2026-07-08/checkpoint_final.pt,,,,,,train_cifar10_k8_channelmask_p150eval_3k_cuda,cifar10,,,,8,,4.311482235688215,,0.20337169617414474,12.937694805520339,500,256,32,,,5.394084804063273,,False,0.251633162299792,81808,2,tiny_conv,True,"[1, 2, 4, 8]",12.146535211617326,,quality_cifar10_channelmask_256_t500_2026-07-08,/root/autodl-tmp/CoFiTok/checkpoints/quality_cifar10_channelmask_256_t500_2026-07-08/quality_report.json,quality,137,val,3000,restricted,16,8,64,channel_mask,
/root/autodl-tmp/CoFiTok/checkpoints/train_cifar10_k8_channelmask_p150eval_3k_2026-07-08/checkpoint_final.pt,"[0.9853716406091785, 0.013383918708732406, 0.0006718122055935197, 0.000217034998744737, 8.756296179085829e-05, 9.970954907285278e-05, 6.84117330187847e-05, 9.990923386840725e-05]",0.44674381613731384,0.08363396993705205,ordered,"[0, 1, 2, 3, 4, 5, 6, 7]",train_cifar10_k8_channelmask_p150eval_3k_cuda,cifar10,7.019473842034738,0.0,1.085789008808147,8,318.09344432631997,3.991173846440866,0.25870181620121,0.19759578257799149,13.06282320421761,500,512,32,True,334.7035369671064,5.03028029772411,0.3039578516036272,True,0.245382367943724,81808,2,tiny_conv,True,"[1, 2, 4, 8]",12.263601302969198,0,quality_cifar10_channelmask_3k_512_t500_2026-07-11_fair_p0,/root/autodl-tmp/CoFiTok/checkpoints/quality_cifar10_channelmask_3k_512_t500_2026-07-11_fair_p0/quality_report.json,quality,137,val,3000,restricted,16,8,64,channel_mask,0.0
/root/autodl-tmp/CoFiTok/checkpoints/train_cifar10_k8_denoisepath_p150_light_cleanmono_3k_cuda_2026-07-10_cifar_p0/checkpoint_final.pt,,0.8102923035621643,0.6276892253330776,,,train_cifar10_k8_denoisepath_p150_light_cleanmono_3k_cuda,cifar10,,,,8,310.42463288416377,1.1768716923443465,0.1518278867006302,0.14681990072131157,14.352750652596125,500,512,32,True,478.62016625845973,5.147878632041882,0.3678525996704896,True,6.948651623601715,81808,2,tiny_conv,True,"[1, 2, 4, 8]",-0.05912750868514335,,quality_cifar10_cleanmono_3k_512_t500_lpips_inception_2026-07-10_cifar_p0,/root/autodl-tmp/CoFiTok/checkpoints/quality_cifar10_cleanmono_3k_512_t500_lpips_inception_2026-07-10_cifar_p0/quality_report.json,quality,163,val,3000,restricted,16,8,64,clean_monotonic_ablation,
/root/autodl-tmp/CoFiTok/checkpoints/train_cifar10_k8_denoisepath_p150_light_3k_2026-07-08/checkpoint_final.pt,"[0.01439272273933538, 0.05186997970391454, 0.10648877001709564, 0.11027475132905655, 0.1521729724808098, 0.16000787391656127, 0.20975698100611365, 0.19503594880711317]",0.7733059525489807,0.6344155073165894,ordered,"[0, 1, 2, 3, 4, 5, 6, 7]",train_cifar10_k8_denoisepath_p150_light_3k_cuda,cifar10,0.09670435766955572,0.0,6.836537505501388,8,312.21009254970494,1.6108883405963652,0.1661569345742464,0.15052230097353458,14.244591427453024,500,512,32,True,473.84107596533914,4.419451647464853,0.3632354460922735,True,4.681766362727752,81808,2,tiny_conv,True,"[1, 2, 3, 4, 5, 6, 7, 8]",1.4994868151202616,0,quality_cifar10_cofitok_3k_512_t500_2026-07-11_fair_p0,/root/autodl-tmp/CoFiTok/checkpoints/quality_cifar10_cofitok_3k_512_t500_2026-07-11_fair_p0/quality_report.json,quality,137,val,3000,restricted,16,8,64,light_denoise_path,0.0
/root/autodl-tmp/CoFiTok/checkpoints/train_cifar10_k8_denoisepath_p150_light_deepsk_3k_cuda_2026-07-10_cifar_p0/checkpoint_final.pt,,0.9423884749412537,0.7924055712563651,,,train_cifar10_k8_denoisepath_p150_light_deepsk_3k_cuda,cifar10,,,,8,295.6173426826726,1.67998935458355,0.16905330121517181,0.15555302239954472,14.101815374474175,500,512,32,True,482.4157328683454,5.257144494598446,0.37289004027843475,True,6.818915254436433,272800,2,tiny_conv,True,"[1, 2, 4, 8]",-0.023036109857200355,,quality_cifar10_deepsk_3k_512_t500_lpips_inception_2026-07-10_cifar_p0,/root/autodl-tmp/CoFiTok/checkpoints/quality_cifar10_deepsk_3k_512_t500_lpips_inception_2026-07-10_cifar_p0/quality_report.json,quality,139,val,3000,deep_decoder,16,8,64,deep_synthesis_ablation,
/root/autodl-tmp/CoFiTok/checkpoints/train_cifar10_k8_densehead_p150eval_3k_cuda_2026-07-11_dense_monolithic/checkpoint_final.pt,[1.0],0.0,0.0,ordered,[0],train_cifar10_k8_densehead_p150eval_3k_cuda,cifar10,0.14501027204096317,0.0,1.0,1,319.1467285120465,1.300561045485032,0.15511298924684525,0.14501027204096317,14.406612240398832,500,512,32,True,319.1467285120465,1.300561045485032,0.15511298924684525,True,0.14501027204096317,80707,2,tiny_conv,False,[1],14.406612240398832,0,quality_cifar10_dense_monolithic_3k_512_t500_2026-07-11_dense_monolithic,/root/autodl-tmp/CoFiTok/checkpoints/quality_cifar10_dense_monolithic_3k_512_t500_2026-07-11_dense_monolithic/quality_report.json,quality,137,val,3000,dense_identity,3,1,64,dense_monolithic,0.0
/root/autodl-tmp/CoFiTok/checkpoints/train_cifar10_k8_epsilononly_p150eval_3k_2026-07-08/checkpoint_final.pt,"[0.007302380434678558, 0.010607121857706339, 0.053669130976489794, 0.07506058741890383, 0.15206062232286507, 0.11643577349853967, 0.391475944137398, 0.19338843935341873]",0.42991864681243896,0.15863618041787828,ordered,"[0, 1, 2, 3, 4, 5, 6, 7]",train_cifar10_k8_epsilononly_p150eval_3k_cuda,cifar10,0.7905660400034061,0.0,5.244421420784875,8,318.1592395060975,1.3376949466597714,0.16141187399625778,0.14322685450315475,14.460355371193678,500,512,32,True,477.14103071326286,5.484907612061699,0.33956432874713627,True,6.473797352718456,81808,2,tiny_conv,True,"[1, 2, 3, 4, 5, 6, 7, 8]",-0.48777164342025997,0,quality_cifar10_endpoint_only_3k_512_t500_2026-07-11_fair_p0,/root/autodl-tmp/CoFiTok/checkpoints/quality_cifar10_endpoint_only_3k_512_t500_2026-07-11_fair_p0/quality_report.json,quality,137,val,3000,restricted,16,8,64,epsilon_only,0.0
/root/autodl-tmp/CoFiTok/checkpoints/train_cifar10_k8_epsilononly_p150eval_3k_2026-07-08/checkpoint_final.pt,,,,,,train_cifar10_k8_epsilononly_p150eval_3k_cuda,cifar10,,,,8,,1.563358442400178,,0.14555003866553307,14.390476661822952,500,256,32,,,6.023887744868219,,False,8.142871423934897,81808,2,tiny_conv,True,"[1, 2, 4, 8]",-0.7837690444718266,,quality_cifar10_epsilononly_256_t500_2026-07-08,/root/autodl-tmp/CoFiTok/checkpoints/quality_cifar10_epsilononly_256_t500_2026-07-08/quality_report.json,quality,137,val,3000,restricted,16,8,64,epsilon_only,
/root/autodl-tmp/CoFiTok/checkpoints/train_cifar10_k8_epsilononly_p150eval_3k_2026-07-08/checkpoint_final.pt,,,,,,train_cifar10_k8_epsilononly_p150eval_3k_cuda,cifar10,,,,8,334.0694383258299,1.5633584424086389,,0.14555003866553307,14.390476661822952,500,256,32,True,493.35783254865026,6.0238877448697865,,False,8.142871423934897,81808,2,tiny_conv,True,"[1, 2, 4, 8]",-0.7837690444718266,,quality_cifar10_epsilononly_256_t500_inception_2026-07-08,/root/autodl-tmp/CoFiTok/checkpoints/quality_cifar10_epsilononly_256_t500_inception_2026-07-08/quality_report.json,quality,137,val,3000,restricted,16,8,64,epsilon_only,
/root/autodl-tmp/CoFiTok/checkpoints/train_cifar10_k8_epsilononly_p150eval_3k_2026-07-08/checkpoint_final.pt,,,,,,train_cifar10_k8_epsilononly_p150eval_3k_cuda,cifar10,,,,8,334.0694383258299,1.5633584424086389,0.16389650106430054,0.14555003866553307,14.390476661822952,500,256,32,True,493.35783254865026,6.0238877448697865,0.35848300407330197,True,8.142871423934897,81808,2,tiny_conv,True,"[1, 2, 4, 8]",-0.7837690444718266,,quality_cifar10_epsilononly_256_t500_lpips_inception_2026-07-08,/root/autodl-tmp/CoFiTok/checkpoints/quality_cifar10_epsilononly_256_t500_lpips_inception_2026-07-08/quality_report.json,quality,137,val,3000,restricted,16,8,64,epsilon_only,
/root/autodl-tmp/CoFiTok/checkpoints/train_cifar10_k8_denoisepath_p150_light_3k_2026-07-08/checkpoint_final.pt,,0.7733059525489807,0.6344606876373291,,,train_cifar10_k8_denoisepath_p150_light_3k_cuda,cifar10,,,,8,,1.8490533124044364,,0.15311462059617043,14.170433287742334,500,256,32,False,,5.597029080623257,,False,6.722057551766436,81808,2,tiny_conv,True,"[1, 2, 4, 8]",0.023141606739407312,,quality_cifar10_k8_light_256_t500_2026-07-08,/root/autodl-tmp/CoFiTok/checkpoints/quality_cifar10_k8_light_256_t500_2026-07-08/quality_report.json,quality,137,val,3000,restricted,16,8,64,light_denoise_path,
/root/autodl-tmp/CoFiTok/checkpoints/train_cifar10_k8_denoisepath_p150_light_3k_2026-07-08/checkpoint_final.pt,,,,,,train_cifar10_k8_denoisepath_p150_light_3k_cuda,cifar10,,,,8,327.88877333667335,1.84905331241925,,0.15311462059617043,14.170433287742334,500,256,32,True,493.2343696690319,5.597029080621699,,False,6.722057551766436,81808,2,tiny_conv,True,"[1, 2, 4, 8]",0.023141606739407312,,quality_cifar10_k8_light_256_t500_inception_2026-07-08,/root/autodl-tmp/CoFiTok/checkpoints/quality_cifar10_k8_light_256_t500_inception_2026-07-08/quality_report.json,quality,137,val,3000,restricted,16,8,64,light_denoise_path,
/root/autodl-tmp/CoFiTok/checkpoints/train_cifar10_k8_denoisepath_p150_light_3k_2026-07-08/checkpoint_final.pt,,,,,,train_cifar10_k8_denoisepath_p150_light_3k_cuda,cifar10,,,,8,327.88877333667335,1.84905331241925,0.16742436215281487,0.15311462059617043,14.170433287742334,500,256,32,True,493.2343696690319,5.597029080621699,0.3685385640710592,True,6.722057551766436,81808,2,tiny_conv,True,"[1, 2, 4, 8]",0.023141606739407312,,quality_cifar10_k8_light_256_t500_lpips_inception_2026-07-08,/root/autodl-tmp/CoFiTok/checkpoints/quality_cifar10_k8_light_256_t500_lpips_inception_2026-07-08/quality_report.json,quality,137,val,3000,restricted,16,8,64,light_denoise_path,
/root/autodl-tmp/CoFiTok/checkpoints/train_cifar10_k8_denoisepath_p150_light_decor_3k_2026-07-08/checkpoint_final.pt,,0.6491080522537231,0.20499103835650853,,,train_cifar10_k8_denoisepath_p150_light_decor_3k_cuda,cifar10,,,,8,,1.8040852590875922,,0.14943821355700493,14.275983241374231,500,256,32,False,,5.923978395717779,,False,8.070446900402507,81808,2,tiny_conv,True,"[1, 2, 4, 8]",-0.6544554572894951,,quality_cifar10_k8_light_decor_3k_256_t500_2026-07-08,/root/autodl-tmp/CoFiTok/checkpoints/quality_cifar10_k8_light_decor_3k_256_t500_2026-07-08/quality_report.json,quality,137,val,3000,restricted,16,8,64,component_decorrelation_ablation,
/root/autodl-tmp/CoFiTok/checkpoints/train_cifar10_k8_denoisepath_p150_light_decorw0005_3k_2026-07-08/checkpoint_final.pt,,0.7381601333618164,0.5164898037910461,,,train_cifar10_k8_denoisepath_p150_light_decorw0005_3k_cuda,cifar10,,,,8,,1.8497401642485891,,0.1529550775885582,14.174960926676786,500,256,32,False,,5.6340514952634635,,False,6.988716844469309,81808,2,tiny_conv,True,"[1, 2, 4, 8]",-0.11279919670610077,,quality_cifar10_k8_light_decorw0005_3k_256_t500_2026-07-08,/root/autodl-tmp/CoFiTok/checkpoints/quality_cifar10_k8_light_decorw0005_3k_256_t500_2026-07-08/quality_report.json,quality,137,val,3000,restricted,16,8,64,component_decorrelation_ablation,
/root/autodl-tmp/CoFiTok/checkpoints/train_cifar10_k8_denoisepath_p150_light_decorw0005_sched1500w1000_3k_2026-07-08/checkpoint_final.pt,,0.7512330412864685,0.5463154997144427,,,train_cifar10_k8_denoisepath_p150_light_decorw0005_sched1500w1000_3k_cuda,cifar10,,,,8,,1.8756501381177735,,0.15292368084192276,14.175852484752365,500,256,32,False,,5.626702465134056,,False,6.8584803106884165,81808,2,tiny_conv,True,"[1, 2, 4, 8]",-0.04719213223089606,,quality_cifar10_k8_light_decorw0005_sched1500w1000_3k_256_t500_2026-07-08,/root/autodl-tmp/CoFiTok/checkpoints/quality_cifar10_k8_light_decorw0005_sched1500w1000_3k_256_t500_2026-07-08/quality_report.json,quality,137,val,3000,restricted,16,8,64,component_decorrelation_ablation,
/root/autodl-tmp/CoFiTok/checkpoints/train_cifar10_k8_denoisepath_p150_light_decorw001_3k_2026-07-08/checkpoint_final.pt,,0.7174272537231445,0.4308581437383379,,,train_cifar10_k8_denoisepath_p150_light_decorw001_3k_cuda,cifar10,,,,8,,1.8477107793314884,,0.1515640839934349,14.214636922182997,500,256,32,False,,5.6726621188079775,,False,7.238050335397323,81808,2,tiny_conv,True,"[1, 2, 4, 8]",-0.2283609470777058,,quality_cifar10_k8_light_decorw001_3k_256_t500_2026-07-08,/root/autodl-tmp/CoFiTok/checkpoints/quality_cifar10_k8_light_decorw001_3k_256_t500_2026-07-08/quality_report.json,quality,137,val,3000,restricted,16,8,64,component_decorrelation_ablation,
/root/autodl-tmp/CoFiTok/checkpoints/train_cifar10_k8_denoisepath_p150_light_3k_2026-07-08/checkpoint_final.pt,,,,,,train_cifar10_k8_denoisepath_p150_light_3k_cuda,cifar10,,,,8,367.7884483289044,3.1673422009345398,,0.1549786925315857,14.117879986548111,500,32,32,True,517.5648710371156,7.076538939584174,,False,6.708500534296036,81808,2,tiny_conv,True,"[1, 2, 4, 8]",0.02303563419816701,,quality_cifar10_k8_light_inception_smoke_32_t500_2026-07-08,/root/autodl-tmp/CoFiTok/checkpoints/quality_cifar10_k8_light_inception_smoke_32_t500_2026-07-08/quality_report.json,quality,137,val,3000,restricted,16,8,64,light_denoise_path,
/root/autodl-tmp/CoFiTok/checkpoints/train_cifar10_k8_denoisepath_p150_light_nopathprefix_3k_cuda_2026-07-10_cifar_p0/checkpoint_final.pt,,0.8480231761932373,0.636812516621181,,,train_cifar10_k8_denoisepath_p150_light_nopathprefix_3k_cuda,cifar10,,,,8,310.81789274933203,1.5685936615637708,0.16448542475700378,0.14909967966377735,14.285832809427298,500,512,32,True,480.62275903735707,5.150714503171186,0.37094014200071496,True,6.9185796134794755,81808,2,tiny_conv,True,"[1, 2, 4, 8]",-0.11816227394440067,,quality_cifar10_nopathprefix_3k_512_t500_lpips_inception_2026-07-10_cifar_p0,/root/autodl-tmp/CoFiTok/checkpoints/quality_cifar10_nopathprefix_3k_512_t500_lpips_inception_2026-07-10_cifar_p0/quality_report.json,quality,157,val,3000,restricted,16,8,64,no_prefix_loss_ablation,
/root/autodl-tmp/CoFiTok/checkpoints/train_cifar10_k8_denoisepath_p150_light_simultaneous_3k_cuda_2026-07-10_cifar_p0/checkpoint_final.pt,,0.7920728325843811,0.6667421460151672,,,train_cifar10_k8_denoisepath_p150_light_simultaneous_3k_cuda,cifar10,,,,8,311.625408358859,1.2459315273870413,0.15800133161246777,0.14467764645814896,14.4165855606111,500,512,32,True,482.54458752303503,5.090970443986618,0.3694905176137884,True,6.598222793390353,76096,2,tiny_conv,False,"[1, 2, 4, 8]",0.12526078478453684,,quality_cifar10_simultaneous_3k_512_t500_lpips_inception_2026-07-10_cifar_p0,/root/autodl-tmp/CoFiTok/checkpoints/quality_cifar10_simultaneous_3k_512_t500_lpips_inception_2026-07-10_cifar_p0/quality_report.json,quality,139,val,3000,restricted,16,8,64,simultaneous_predictor,
/root/autodl-tmp/CoFiTok/checkpoints/train_downsampled_imagenet64_k8_channelmask_p150eval_5k_cuda_2026-07-09/checkpoint_final.pt,,0.5681920051574707,0.08688381952898842,,,train_downsampled_imagenet64_k8_channelmask_p150eval_5k_cuda,downsampled_imagenet_64,,,,8,257.74738604248694,3.9488977564274736,0.6823193356394768,0.18924827501177788,13.250280617095136,500,512,64,True,273.141090234031,5.251957129765253,0.8433194967607657,True,0.25666172212610644,81808,2,tiny_conv,True,"[1, 2, 4, 8]",12.133818040446258,,quality_downsampled_imagenet64_channelmask_5k_512_t500_lpips_inception_2026-07-09,/root/autodl-tmp/CoFiTok/checkpoints/quality_downsampled_imagenet64_channelmask_5k_512_t500_lpips_inception_2026-07-09/quality_report.json,quality,139,val,5000,restricted,16,8,32,channel_mask,
/root/autodl-tmp/CoFiTok/checkpoints/train_downsampled_imagenet64_k8_denoisepath_p150_light_cleanmono_5k_cuda_2026-07-09/checkpoint_final.pt,,0.8822620511054993,0.717858110155378,,,train_downsampled_imagenet64_k8_denoisepath_p150_light_cleanmono_5k_cuda,downsampled_imagenet_64,,,,8,319.4717141338655,0.8421455286885743,0.5510400906205177,0.1366810603067279,14.663516521379147,500,512,64,True,347.73934684123304,5.0934861900308634,0.959409004698197,True,6.762276924370478,81808,2,tiny_conv,True,"[1, 2, 4, 8]",0.10432440975664974,,quality_downsampled_imagenet64_cleanmono_5k_512_t500_lpips_inception_2026-07-09,/root/autodl-tmp/CoFiTok/checkpoints/quality_downsampled_imagenet64_cleanmono_5k_512_t500_lpips_inception_2026-07-09/quality_report.json,quality,163,val,5000,restricted,16,8,32,clean_monotonic_ablation,
/root/autodl-tmp/CoFiTok/checkpoints/train_downsampled_imagenet64_k8_denoisepath_p150_light_5k_cuda_2026-07-09/checkpoint_final.pt,"[0.02515071173433083, 0.034309078197276695, 0.09648211992647351, 0.11877084640920971, 0.14439797682588762, 0.1871467012484958, 0.1879491758104839, 0.20579338984784193]",0.8462792038917542,0.7327534896986825,ordered,"[0, 1, 2, 3, 4, 5, 6, 7]",train_downsampled_imagenet64_k8_denoisepath_p150_light_5k_cuda,downsampled_imagenet_64,0.07050163653912023,0.0,6.818006952655583,8,307.85575728479915,0.928559073286088,0.5415105782449245,0.14122529234737158,14.52147508895212,500,512,64,True,321.6260241755553,4.129984354309447,0.9738677082849401,True,4.647763476773564,81808,2,tiny_conv,True,"[1, 2, 3, 4, 5, 6, 7, 8]",1.6498470584948974,0,quality_downsampled_imagenet64_cofitok_5k_512_t500_2026-07-11_fair_p0,/root/autodl-tmp/CoFiTok/checkpoints/quality_downsampled_imagenet64_cofitok_5k_512_t500_2026-07-11_fair_p0/quality_report.json,quality,139,val,5000,restricted,16,8,32,light_denoise_path,0.0
/root/autodl-tmp/CoFiTok/checkpoints/train_downsampled_imagenet64_k8_denoisepath_p150_light_deepsk_5k_cuda_2026-07-09/checkpoint_final.pt,,0.9629966616630554,0.8496943158762795,,,train_downsampled_imagenet64_k8_denoisepath_p150_light_deepsk_5k_cuda,downsampled_imagenet_64,,,,8,289.4443309474798,0.8937274279807209,0.5501925833523273,0.14186359755694866,14.50189022285771,500,512,64,True,343.99747656171866,5.055862364591788,0.9656274610509475,True,6.786870163865387,272800,2,tiny_conv,True,"[1, 2, 4, 8]",0.050257169374825196,,quality_downsampled_imagenet64_deepsk_5k_512_t500_lpips_inception_2026-07-09,/root/autodl-tmp/CoFiTok/checkpoints/quality_downsampled_imagenet64_deepsk_5k_512_t500_lpips_inception_2026-07-09/quality_report.json,quality,139,val,5000,deep_decoder,16,8,32,deep_synthesis_ablation,
/root/autodl-tmp/CoFiTok/checkpoints/train_downsampled_imagenet64_k8_densehead_p150eval_5k_cuda_2026-07-11_dense_monolithic/checkpoint_final.pt,[1.0],0.0,0.0,ordered,[0],train_downsampled_imagenet64_k8_densehead_p150eval_5k_cuda,downsampled_imagenet_64,0.13692257134243846,0.0,1.0,1,317.22618108505503,0.8217153261457171,0.5571707710623741,0.13692257134243846,14.655849449364268,500,512,64,True,317.22618108505503,0.8217153261457171,0.5571707710623741,True,0.13692257134243846,80707,2,tiny_conv,False,[1],14.655849449364268,0,quality_downsampled_imagenet64_dense_monolithic_5k_512_t500_2026-07-11_dense_monolithic,/root/autodl-tmp/CoFiTok/checkpoints/quality_downsampled_imagenet64_dense_monolithic_5k_512_t500_2026-07-11_dense_monolithic/quality_report.json,quality,139,val,5000,dense_identity,3,1,32,dense_monolithic,0.0
/root/autodl-tmp/CoFiTok/checkpoints/train_downsampled_imagenet64_k8_epsilononly_p150eval_5k_cuda_2026-07-09/checkpoint_final.pt,"[0.007490455641977992, 0.011676761066975887, 0.04479143450307915, 0.09471163427623226, 0.10934039401406812, 0.13130519329471055, 0.3289972606304416, 0.27168686657251445]",0.4045988619327545,0.148098247391837,ordered,"[0, 1, 2, 3, 4, 5, 6, 7]",train_downsampled_imagenet64_k8_epsilononly_p150eval_5k_cuda,downsampled_imagenet_64,1.050158613245003,0.0,5.3619473392820165,8,283.7164829627329,0.9166041407367127,0.5554325766861439,0.13707289099693298,14.651084187745635,500,512,64,True,339.20571293282836,5.673372760086766,0.9501552105482135,True,6.896951781851905,81808,2,tiny_conv,True,"[1, 2, 3, 4, 5, 6, 7, 8]",-0.9608704598420752,0,quality_downsampled_imagenet64_endpoint_only_5k_512_t500_2026-07-11_fair_p0,/root/autodl-tmp/CoFiTok/checkpoints/quality_downsampled_imagenet64_endpoint_only_5k_512_t500_2026-07-11_fair_p0/quality_report.json,quality,139,val,5000,restricted,16,8,32,epsilon_only,0.0
/root/autodl-tmp/CoFiTok/checkpoints/train_downsampled_imagenet64_k8_epsilononly_p150eval_5k_cuda_2026-07-09/checkpoint_final.pt,,0.4045988619327545,0.148098247391837,,,train_downsampled_imagenet64_k8_epsilononly_p150eval_5k_cuda,downsampled_imagenet_64,,,,8,283.7164829627329,0.9166041407367127,0.5554325766861439,0.13707289099693298,14.651084187745635,500,512,64,True,338.5588489141417,5.081939114518671,0.955487011000514,True,8.256331766645113,81808,2,tiny_conv,True,"[1, 2, 4, 8]",-0.779872203741388,,quality_downsampled_imagenet64_epsilononly_5k_512_t500_lpips_inception_2026-07-09,/root/autodl-tmp/CoFiTok/checkpoints/quality_downsampled_imagenet64_epsilononly_5k_512_t500_lpips_inception_2026-07-09/quality_report.json,quality,139,val,5000,restricted,16,8,32,epsilon_only,
/root/autodl-tmp/CoFiTok/checkpoints/train_downsampled_imagenet64_k8_denoisepath_p150_light_5k_cuda_2026-07-09/checkpoint_final.pt,,0.8462792038917542,0.7327534896986825,,,train_downsampled_imagenet64_k8_denoisepath_p150_light_5k_cuda,downsampled_imagenet_64,,,,8,307.85575728479915,0.928559073286088,0.5415105782449245,0.14122529234737158,14.52147508895212,500,512,64,True,344.6568099313062,4.979786071646666,0.9552996599425873,True,6.677038274550189,81808,2,tiny_conv,True,"[1, 2, 4, 8]",0.0990070517808664,,quality_downsampled_imagenet64_k8_light_5k_512_t500_lpips_inception_2026-07-09,/root/autodl-tmp/CoFiTok/checkpoints/quality_downsampled_imagenet64_k8_light_5k_512_t500_lpips_inception_2026-07-09/quality_report.json,quality,139,val,5000,restricted,16,8,32,light_denoise_path,
/root/autodl-tmp/CoFiTok/checkpoints/train_downsampled_imagenet64_k8_denoisepath_p150_light_nopathprefix_5k_cuda_2026-07-09/checkpoint_final.pt,,0.9092667698860168,0.7169859281608036,,,train_downsampled_imagenet64_k8_denoisepath_p150_light_nopathprefix_5k_cuda,downsampled_imagenet_64,,,,8,306.5018938508365,0.7838760377949966,0.5470759943127632,0.14278661366552114,14.473724973591192,500,512,64,True,344.1418714108301,5.156881340250614,0.9690013974905014,True,7.034227657907953,81808,2,tiny_conv,True,"[1, 2, 4, 8]",-0.1511379075579843,,quality_downsampled_imagenet64_nopathprefix_5k_512_t500_lpips_inception_2026-07-09,/root/autodl-tmp/CoFiTok/checkpoints/quality_downsampled_imagenet64_nopathprefix_5k_512_t500_lpips_inception_2026-07-09/quality_report.json,quality,157,val,5000,restricted,16,8,32,no_prefix_loss_ablation,
/root/autodl-tmp/CoFiTok/checkpoints/train_downsampled_imagenet64_k8_denoisepath_p150_light_simultaneous_5k_cuda_2026-07-09/checkpoint_final.pt,,0.8367992639541626,0.7389860280922481,,,train_downsampled_imagenet64_k8_denoisepath_p150_light_simultaneous_5k_cuda,downsampled_imagenet_64,,,,8,306.6071206523917,0.8659911793507301,0.5447608232498169,0.1391328927129507,14.58630176684532,500,512,64,True,345.60958375181485,4.985876855481042,0.9640136609474818,True,6.52214795940866,76096,2,tiny_conv,False,"[1, 2, 4, 8]",0.19567941391005692,,quality_downsampled_imagenet64_simultaneous_5k_512_t500_lpips_inception_2026-07-09,/root/autodl-tmp/CoFiTok/checkpoints/quality_downsampled_imagenet64_simultaneous_5k_512_t500_lpips_inception_2026-07-09/quality_report.json,quality,139,val,5000,restricted,16,8,32,simultaneous_predictor,
/root/autodl-tmp/CoFiTok/checkpoints/train_ffhq64_k8_channelmask_p150eval_5k_cuda_2026-07-09/checkpoint_final.pt,,0.6313303112983704,0.0955553725361824,,,train_ffhq64_k8_channelmask_p150eval_5k_cuda,ffhq_64,,,,8,307.0517486565726,4.360684867437639,0.653544045984745,0.18772224429994822,13.285442535796594,500,512,64,True,309.0636678243993,6.0272783991822,0.8767138856152693,True,0.26226976125811535,81808,2,tiny_conv,True,"[1, 2, 4, 8]",12.041834298588507,,quality_ffhq64_channelmask_5k_512_t500_lpips_inception_2026-07-09,/root/autodl-tmp/CoFiTok/checkpoints/quality_ffhq64_channelmask_5k_512_t500_lpips_inception_2026-07-09/quality_report.json,quality,139,val,5000,restricted,16,8,32,channel_mask,
/root/autodl-tmp/CoFiTok/checkpoints/train_ffhq64_k8_denoisepath_p150_light_cleanmono_5k_cuda_2026-07-09/checkpoint_final.pt,,0.8858304023742676,0.7229400404861995,,,train_ffhq64_k8_denoisepath_p150_light_cleanmono_5k_cuda,ffhq_64,,,,8,358.2655509762922,0.8615466611913403,0.47085687331855297,0.12262012902647257,15.13498222552115,500,512,64,True,353.9514613154341,5.388279406552473,0.9869009340181947,True,6.8155350922606885,81808,2,tiny_conv,True,"[1, 2, 4, 8]",0.15187365861625413,,quality_ffhq64_cleanmono_5k_512_t500_lpips_inception_2026-07-09,/root/autodl-tmp/CoFiTok/checkpoints/quality_ffhq64_cleanmono_5k_512_t500_lpips_inception_2026-07-09/quality_report.json,quality,163,val,5000,restricted,16,8,32,clean_monotonic_ablation,
/root/autodl-tmp/CoFiTok/checkpoints/train_ffhq64_k8_denoisepath_p150_light_5k_cuda_2026-07-09/checkpoint_final.pt,"[0.02637293184671843, 0.03412713267785984, 0.09584809494998374, 0.11605035429141024, 0.14454316758548705, 0.18450373341810086, 0.18861384990801558, 0.20994073532242427]",0.85585618019104,0.7388418359415871,ordered,"[0, 1, 2, 3, 4, 5, 6, 7]",train_ffhq64_k8_denoisepath_p150_light_5k_cuda,ffhq_64,0.06759499494052891,0.0,6.818030534611703,8,355.76102263286225,1.0977198367995058,0.5026991069316864,0.12579381139948964,15.024007154107888,500,512,64,True,335.3509649110257,4.496661460606093,1.0189660319260188,True,4.639911390608177,81808,2,tiny_conv,True,"[1, 2, 3, 4, 5, 6, 7, 8]",1.6910466046674943,0,quality_ffhq64_cofitok_5k_512_t500_2026-07-11_fair_p0,/root/autodl-tmp/CoFiTok/checkpoints/quality_ffhq64_cofitok_5k_512_t500_2026-07-11_fair_p0/quality_report.json,quality,139,val,5000,restricted,16,8,32,light_denoise_path,0.0
/root/autodl-tmp/CoFiTok/checkpoints/train_ffhq64_k8_denoisepath_p150_light_deepsk_5k_cuda_2026-07-09/checkpoint_final.pt,,0.965659499168396,0.8357146382331848,,,train_ffhq64_k8_denoisepath_p150_light_deepsk_5k_cuda,ffhq_64,,,,8,328.13405077115294,1.0732147518144437,0.5211228132247925,0.1279220599681139,14.951145469564082,500,512,64,True,350.92093220776405,5.258068384529344,1.0018209268649418,True,6.780517121466498,272800,2,tiny_conv,True,"[1, 2, 4, 8]",0.1235500860765475,,quality_ffhq64_deepsk_5k_512_t500_lpips_inception_2026-07-09,/root/autodl-tmp/CoFiTok/checkpoints/quality_ffhq64_deepsk_5k_512_t500_lpips_inception_2026-07-09/quality_report.json,quality,139,val,5000,deep_decoder,16,8,32,deep_synthesis_ablation,
/root/autodl-tmp/CoFiTok/checkpoints/train_ffhq64_k8_densehead_p150eval_5k_cuda_2026-07-11_dense_monolithic/checkpoint_final.pt,[1.0],0.0,0.0,ordered,[0],train_ffhq64_k8_densehead_p150eval_5k_cuda,ffhq_64,0.12288687424734235,0.0,1.0,1,354.45150732608204,1.05978871614837,0.46947181038558483,0.12288687424734235,15.125544936846008,500,512,64,True,354.45150732608204,1.05978871614837,0.46947181038558483,True,0.12288687424734235,80707,2,tiny_conv,False,[1],15.125544936846008,0,quality_ffhq64_dense_monolithic_5k_512_t500_2026-07-11_dense_monolithic,/root/autodl-tmp/CoFiTok/checkpoints/quality_ffhq64_dense_monolithic_5k_512_t500_2026-07-11_dense_monolithic/quality_report.json,quality,139,val,5000,dense_identity,3,1,32,dense_monolithic,0.0
/root/autodl-tmp/CoFiTok/checkpoints/train_ffhq64_k8_epsilononly_p150eval_5k_cuda_2026-07-09/checkpoint_final.pt,"[0.007182056199057926, 0.014308979405343498, 0.042277090805251764, 0.09662680163269682, 0.11548073160194261, 0.1295195034169954, 0.3277269499652331, 0.26687788697347886]",0.5138204097747803,0.1595842827643667,ordered,"[0, 1, 2, 3, 4, 5, 6, 7]",train_ffhq64_k8_epsilononly_p150eval_5k_cuda,ffhq_64,1.0829530686772029,0.0,5.408229989618052,8,344.16280338364083,1.038094879281351,0.4925216604024172,0.12235994217917323,15.144207282398387,500,512,64,True,348.4638956202174,6.090411340891037,0.9931711460064564,True,6.963004843165566,81808,2,tiny_conv,True,"[1, 2, 3, 4, 5, 6, 7, 8]",-0.972707625626507,0,quality_ffhq64_endpoint_only_5k_512_t500_2026-07-11_fair_p0,/root/autodl-tmp/CoFiTok/checkpoints/quality_ffhq64_endpoint_only_5k_512_t500_2026-07-11_fair_p0/quality_report.json,quality,139,val,5000,restricted,16,8,32,epsilon_only,0.0
/root/autodl-tmp/CoFiTok/checkpoints/train_ffhq64_k8_epsilononly_p150eval_5k_cuda_2026-07-09/checkpoint_final.pt,,0.5138204097747803,0.1595842827643667,,,train_ffhq64_k8_epsilononly_p150eval_5k_cuda,ffhq_64,,,,8,344.16280338364083,1.038094879281351,0.4925216604024172,0.12235994217917323,15.144207282398387,500,512,64,True,349.99955159055406,5.277289548382215,0.9906859785939256,True,8.289562564886486,81808,2,tiny_conv,True,"[1, 2, 4, 8]",-0.7125497096996595,,quality_ffhq64_epsilononly_5k_512_t500_lpips_inception_2026-07-09,/root/autodl-tmp/CoFiTok/checkpoints/quality_ffhq64_epsilononly_5k_512_t500_lpips_inception_2026-07-09/quality_report.json,quality,139,val,5000,restricted,16,8,32,epsilon_only,
/root/autodl-tmp/CoFiTok/checkpoints/train_ffhq64_k8_denoisepath_p150_light_5k_cuda_2026-07-09/checkpoint_final.pt,,0.85585618019104,0.7388418359415871,,,train_ffhq64_k8_denoisepath_p150_light_5k_cuda,ffhq_64,,,,8,355.76102263286225,1.0977198367995058,0.5026991069316864,0.12579381139948964,15.024007154107888,500,512,64,True,353.91563581560894,5.290887407063887,0.9898998116453489,True,6.664319673630719,81808,2,tiny_conv,True,"[1, 2, 4, 8]",0.1859561941274972,,quality_ffhq64_k8_light_5k_512_t500_lpips_inception_2026-07-09,/root/autodl-tmp/CoFiTok/checkpoints/quality_ffhq64_k8_light_5k_512_t500_lpips_inception_2026-07-09/quality_report.json,quality,139,val,5000,restricted,16,8,32,light_denoise_path,
/root/autodl-tmp/CoFiTok/checkpoints/train_ffhq64_k8_denoisepath_p150_light_nopathprefix_5k_cuda_2026-07-09/checkpoint_final.pt,,0.9203863143920898,0.7237416463238853,,,train_ffhq64_k8_denoisepath_p150_light_nopathprefix_5k_cuda,ffhq_64,,,,8,365.69979856352825,0.9838027203864954,0.4793796166777611,0.12802334735170007,14.947708130755398,500,512,64,True,354.8612581471404,5.3049270945569935,0.9984662209947904,True,7.045446915940071,81808,2,tiny_conv,True,"[1, 2, 4, 8]",-0.08452975602196726,,quality_ffhq64_nopathprefix_5k_512_t500_lpips_inception_2026-07-09,/root/autodl-tmp/CoFiTok/checkpoints/quality_ffhq64_nopathprefix_5k_512_t500_lpips_inception_2026-07-09/quality_report.json,quality,157,val,5000,restricted,16,8,32,no_prefix_loss_ablation,
/root/autodl-tmp/CoFiTok/checkpoints/train_ffhq64_k8_denoisepath_p150_light_simultaneous_5k_cuda_2026-07-09/checkpoint_final.pt,,0.8714936971664429,0.7538711556366512,,,train_ffhq64_k8_denoisepath_p150_light_simultaneous_5k_cuda,ffhq_64,,,,8,341.5908950542505,0.829169427513027,0.4883761778473854,0.12200155155733228,15.156946374687635,500,512,64,True,351.22312119871873,5.243420569828243,0.9956446463863055,True,6.56551198544912,76096,2,tiny_conv,False,"[1, 2, 4, 8]",0.26253516246478387,,quality_ffhq64_simultaneous_5k_512_t500_lpips_inception_2026-07-09,/root/autodl-tmp/CoFiTok/checkpoints/quality_ffhq64_simultaneous_5k_512_t500_lpips_inception_2026-07-09/quality_report.json,quality,139,val,5000,restricted,16,8,32,simultaneous_predictor,
/root/autodl-tmp/CoFiTok/checkpoints/train_imagenet256_10pct_k4_channelmask_p150eval_5k_cuda_2026-07-10_imagenet256_10pct_p0/checkpoint_final.pt,,0.15282565355300903,0.06320742742779355,,,train_imagenet256_10pct_k4_channelmask_p150eval_5k_cuda,imagenet_256_10pct,,,,4,338.2386313461185,2.279340999055609,0.8781964257359505,0.16647921386174858,13.806999749191462,500,256,256,True,342.9005534576799,2.5564006618058146,0.9079362137708813,True,0.2051048323046416,15776,2,tiny_conv,True,"[1, 2, 4]",13.067933853625481,,quality_imagenet256_10pct_channelmask_5k_256_t500_lpips_inception_2026-07-10_imagenet256_10pct_p0,/root/autodl-tmp/CoFiTok/checkpoints/quality_imagenet256_10pct_channelmask_5k_256_t500_lpips_inception_2026-07-10_imagenet256_10pct_p0/quality_report.json,quality,139,val,5000,restricted,16,4,4,channel_mask,
/root/autodl-tmp/CoFiTok/checkpoints/train_imagenet256_10pct_k4_denoisepath_p150_light_cleanmono_5k_cuda_2026-07-10_imagenet256_10pct_p0/checkpoint_final.pt,,0.8848453164100647,0.8198171369731426,,,train_imagenet256_10pct_k4_denoisepath_p150_light_cleanmono_5k_cuda,imagenet_256_10pct,,,,4,308.72362674405787,0.9031953098918585,0.8141956683248281,0.1647314908914268,13.852833623277476,500,256,256,True,349.262600427812,4.6349183107809715,1.2870979770086706,True,5.000088480184786,15776,2,tiny_conv,True,"[1, 2, 4]",1.955371936962832,,quality_imagenet256_10pct_cleanmono_5k_256_t500_lpips_inception_2026-07-10_imagenet256_10pct_p0,/root/autodl-tmp/CoFiTok/checkpoints/quality_imagenet256_10pct_cleanmono_5k_256_t500_lpips_inception_2026-07-10_imagenet256_10pct_p0/quality_report.json,quality,163,val,5000,restricted,16,4,4,clean_monotonic_ablation,
/root/autodl-tmp/CoFiTok/checkpoints/train_imagenet256_10pct_k4_denoisepath_p150_light_5k_cuda_2026-07-10_imagenet256_10pct_p0/checkpoint_final.pt,"[0.045057232538000216, 0.22632952725684627, 0.34384939486373317, 0.38476384534142033]",0.9034994840621948,0.8101241402328014,ordered,"[0, 1, 2, 3]",train_imagenet256_10pct_k4_denoisepath_p150_light_5k_cuda,imagenet_256_10pct,0.1415505733845445,0.0,3.355216165332454,4,330.27435488731004,1.0566144097513739,0.8961800169199705,0.17353377933613956,13.62675966083616,500,256,256,True,344.51125013140194,4.054765287030767,1.2982147686804335,True,3.843655077236084,15776,2,tiny_conv,True,"[1, 2, 3, 4]",2.7189368360636075,0,quality_imagenet256_10pct_cofitok_5k_256_t500_2026-07-11_fair_p0,/root/autodl-tmp/CoFiTok/checkpoints/quality_imagenet256_10pct_cofitok_5k_256_t500_2026-07-11_fair_p0/quality_report.json,quality,139,val,5000,restricted,16,4,4,light_denoise_path,0.0
/root/autodl-tmp/CoFiTok/checkpoints/train_imagenet256_10pct_k4_denoisepath_p150_light_deepsk_5k_cuda_2026-07-10_imagenet256_10pct_p0/checkpoint_final.pt,,0.9800154566764832,0.9519488699734211,,,train_imagenet256_10pct_k4_denoisepath_p150_light_deepsk_5k_cuda,imagenet_256_10pct,,,,4,325.19341767415796,0.5812216383201345,0.8572305366396904,0.14248956798110157,14.48276921608597,500,256,256,True,345.42318392425057,4.3820512444819855,1.2911316403187811,True,4.863843426253879,52616,2,tiny_conv,True,"[1, 2, 4]",2.2129460471752345,,quality_imagenet256_10pct_deepsk_5k_256_t500_lpips_inception_2026-07-10_imagenet256_10pct_p0,/root/autodl-tmp/CoFiTok/checkpoints/quality_imagenet256_10pct_deepsk_5k_256_t500_lpips_inception_2026-07-10_imagenet256_10pct_p0/quality_report.json,quality,139,val,5000,deep_decoder,16,4,4,deep_synthesis_ablation,
/root/autodl-tmp/CoFiTok/checkpoints/train_imagenet256_10pct_k4_densehead_p150eval_5k_cuda_2026-07-11_dense_monolithic/checkpoint_final.pt,[1.0],0.0,0.0,ordered,[0],train_imagenet256_10pct_k4_densehead_p150eval_5k_cuda,imagenet_256_10pct,0.17909292597323656,0.0,1.0,1,334.3099474613367,1.9757791927525967,0.9300166014581919,0.17909292597323656,13.489815594234441,500,256,256,True,334.3099474613367,1.9757791927525967,0.9300166014581919,True,0.17909292597323656,15690,2,tiny_conv,False,[1],13.489815594234441,0,quality_imagenet256_10pct_dense_monolithic_5k_256_t500_2026-07-11_dense_monolithic,/root/autodl-tmp/CoFiTok/checkpoints/quality_imagenet256_10pct_dense_monolithic_5k_256_t500_2026-07-11_dense_monolithic/quality_report.json,quality,139,val,5000,dense_identity,3,1,4,dense_monolithic,0.0
/root/autodl-tmp/CoFiTok/checkpoints/train_imagenet256_10pct_k4_epsilononly_p150eval_5k_cuda_2026-07-10_imagenet256_10pct_p0/checkpoint_final.pt,"[0.14547757547459841, 0.21336675085241089, 0.207780359981004, 0.4333753136919867]",0.33189067244529724,0.11333038580293457,ordered,"[0, 1, 2, 3]",train_imagenet256_10pct_k4_epsilononly_p150eval_5k_cuda,imagenet_256_10pct,1.5685565622212987,0.0,3.6652106139060114,4,330.78619350636916,0.9933888231431404,0.8920103926211596,0.16419791709631681,13.866923476755602,500,256,256,True,367.1394383047279,5.662395481114122,1.3160620365912716,True,5.672093601742138,15776,2,tiny_conv,True,"[1, 2, 3, 4]",0.6682788177983005,0,quality_imagenet256_10pct_endpoint_only_5k_256_t500_2026-07-11_fair_p0,/root/autodl-tmp/CoFiTok/checkpoints/quality_imagenet256_10pct_endpoint_only_5k_256_t500_2026-07-11_fair_p0/quality_report.json,quality,139,val,5000,restricted,16,4,4,epsilon_only,0.0
/root/autodl-tmp/CoFiTok/checkpoints/train_imagenet256_10pct_k4_epsilononly_p150eval_5k_cuda_2026-07-10_imagenet256_10pct_p0/checkpoint_final.pt,,0.33189067244529724,0.11333038580293457,,,train_imagenet256_10pct_k4_epsilononly_p150eval_5k_cuda,imagenet_256_10pct,,,,4,330.78619350636916,0.9933888231431404,0.8920103926211596,0.16419791709631681,13.866923476755602,500,256,256,True,367.68036057237714,5.698580462185283,1.2882284936495125,True,6.50001726183109,15776,2,tiny_conv,True,"[1, 2, 4]",1.011219952401877,,quality_imagenet256_10pct_epsilononly_5k_256_t500_lpips_inception_2026-07-10_imagenet256_10pct_p0,/root/autodl-tmp/CoFiTok/checkpoints/quality_imagenet256_10pct_epsilononly_5k_256_t500_lpips_inception_2026-07-10_imagenet256_10pct_p0/quality_report.json,quality,139,val,5000,restricted,16,4,4,epsilon_only,
/root/autodl-tmp/CoFiTok/checkpoints/train_imagenet256_10pct_k4_denoisepath_p150_light_5k_cuda_2026-07-10_imagenet256_10pct_p0/checkpoint_final.pt,,0.9034994840621948,0.8101241402328014,,,train_imagenet256_10pct_k4_denoisepath_p150_light_5k_cuda,imagenet_256_10pct,,,,4,330.27435488731004,1.0566144097513739,0.8961800169199705,0.17353377933613956,13.62675966083616,500,256,256,True,349.1552029312879,4.694845038170078,1.3013533572666347,True,5.0284337580087595,15776,2,tiny_conv,True,"[1, 2, 4]",1.910736663438112,,quality_imagenet256_10pct_light_5k_256_t500_lpips_inception_2026-07-10_imagenet256_10pct_p0,/root/autodl-tmp/CoFiTok/checkpoints/quality_imagenet256_10pct_light_5k_256_t500_lpips_inception_2026-07-10_imagenet256_10pct_p0/quality_report.json,quality,139,val,5000,restricted,16,4,4,light_denoise_path,
/root/autodl-tmp/CoFiTok/checkpoints/train_imagenet256_10pct_k4_denoisepath_p150_light_nopathprefix_5k_cuda_2026-07-10_imagenet256_10pct_p0/checkpoint_final.pt,,0.8514916300773621,0.7236198298633099,,,train_imagenet256_10pct_k4_denoisepath_p150_light_nopathprefix_5k_cuda,imagenet_256_10pct,,,,4,323.1634976116941,1.4068433494433228,0.8813792672008276,0.1642549515236169,13.865415209380258,500,256,256,True,350.2550559169449,5.020599417361799,1.293037902098149,True,5.179779109370429,15776,2,tiny_conv,True,"[1, 2, 4]",1.8338183500573737,,quality_imagenet256_10pct_nopathprefix_5k_256_t500_lpips_inception_2026-07-10_imagenet256_10pct_p0,/root/autodl-tmp/CoFiTok/checkpoints/quality_imagenet256_10pct_nopathprefix_5k_256_t500_lpips_inception_2026-07-10_imagenet256_10pct_p0/quality_report.json,quality,157,val,5000,restricted,16,4,4,no_prefix_loss_ablation,
/root/autodl-tmp/CoFiTok/checkpoints/train_imagenet256_10pct_k4_denoisepath_p150_light_simultaneous_5k_cuda_2026-07-10_imagenet256_10pct_p0/checkpoint_final.pt,,0.8889877796173096,0.7986128566165765,,,train_imagenet256_10pct_k4_denoisepath_p150_light_simultaneous_5k_cuda,imagenet_256_10pct,,,,4,312.5193085939605,0.842295682179469,0.8625809196382761,0.16482777195051312,13.850296032101792,500,256,256,True,345.80026974381457,4.708446502946802,1.2897115424275398,True,5.026429204386659,14552,2,tiny_conv,False,"[1, 2, 4]",1.9226137679873676,,quality_imagenet256_10pct_simultaneous_5k_256_t500_lpips_inception_2026-07-10_imagenet256_10pct_p0,/root/autodl-tmp/CoFiTok/checkpoints/quality_imagenet256_10pct_simultaneous_5k_256_t500_lpips_inception_2026-07-10_imagenet256_10pct_p0/quality_report.json,quality,139,val,5000,restricted,16,4,4,simultaneous_predictor,
/root/autodl-tmp/CoFiTok/checkpoints/train_imagenet256_k4_channelmask_p150eval_5k_cuda_2026-07-10_imagenet256_p0/checkpoint_final.pt,,0.16556766629219055,0.06851361684190731,,,train_imagenet256_k4_channelmask_p150eval_5k_cuda,imagenet_256,,,,4,340.7570434338231,2.4335833065325163,0.8794440729543567,0.16824582975823432,13.761156829813242,500,256,256,True,343.00054522440234,2.7558913859594307,0.921562033239752,True,0.20812048061634414,15776,2,tiny_conv,True,"[1, 2, 4]",13.003306493267436,,quality_imagenet256_channelmask_5k_256_t500_lpips_inception_2026-07-10_imagenet256_p0,/root/autodl-tmp/CoFiTok/checkpoints/quality_imagenet256_channelmask_5k_256_t500_lpips_inception_2026-07-10_imagenet256_p0/quality_report.json,quality,139,val,5000,restricted,16,4,4,channel_mask,
/root/autodl-tmp/CoFiTok/checkpoints/train_imagenet256_k4_denoisepath_p150_light_cleanmono_5k_cuda_2026-07-10_imagenet256_p0/checkpoint_final.pt,,0.8861726522445679,0.814279897759358,,,train_imagenet256_k4_denoisepath_p150_light_cleanmono_5k_cuda,imagenet_256,,,,4,312.4115963016011,1.2163080668003103,0.8208970166742802,0.1724373190663755,13.654287291974363,500,256,256,True,350.3563543399956,4.694432256067413,1.289291672874242,True,4.980389839387499,15776,2,tiny_conv,True,"[1, 2, 4]",1.918547298691047,,quality_imagenet256_cleanmono_5k_256_t500_lpips_inception_2026-07-10_imagenet256_p0,/root/autodl-tmp/CoFiTok/checkpoints/quality_imagenet256_cleanmono_5k_256_t500_lpips_inception_2026-07-10_imagenet256_p0/quality_report.json,quality,163,val,5000,restricted,16,4,4,clean_monotonic_ablation,
/root/autodl-tmp/CoFiTok/checkpoints/train_imagenet256_k4_denoisepath_p150_light_20k_seed103_cuda_2026-07-11_imagenet256_20k_repeat/checkpoint_final.pt,,0.9797182083129883,0.9280121410265565,,,train_imagenet256_k4_denoisepath_p150_light_20k_seed103_cuda,imagenet_256,,,,4,287.0300000406356,1.0984227390184718,0.7533654079306871,0.11326919667772017,15.479481708886265,500,1024,256,True,323.9191696820814,4.451750866424609,1.2667984705767594,True,4.8769089900524705,15776,2,tiny_conv,True,"[1, 2, 4]",2.4513795614483027,,quality_imagenet256_cofitok_20k_seed103_1024_t500_lpips_inception_2026-07-11_imagenet256_20k_repeat,/root/autodl-tmp/CoFiTok/checkpoints/quality_imagenet256_cofitok_20k_seed103_1024_t500_lpips_inception_2026-07-11_imagenet256_20k_repeat/quality_report.json,quality,103,val,20000,restricted,16,4,4,light_denoise_path,
/root/autodl-tmp/CoFiTok/checkpoints/train_imagenet256_k4_denoisepath_p150_light_20k_seed139_cuda_2026-07-11_imagenet256_20k_repeat/checkpoint_final.pt,,0.9628994464874268,0.9302718192338943,,,train_imagenet256_k4_denoisepath_p150_light_20k_seed139_cuda,imagenet_256,,,,4,289.847185999919,1.0406001013983721,0.781538600102067,0.11785164143657312,15.307243555759637,500,1024,256,True,324.39418486904736,4.522486841223389,1.2827012097695842,True,4.815474542891025,15776,2,tiny_conv,True,"[1, 2, 4]",2.4420177974052613,,quality_imagenet256_cofitok_20k_seed139_1024_t500_lpips_inception_2026-07-11_imagenet256_20k_repeat,/root/autodl-tmp/CoFiTok/checkpoints/quality_imagenet256_cofitok_20k_seed139_1024_t500_lpips_inception_2026-07-11_imagenet256_20k_repeat/quality_report.json,quality,139,val,20000,restricted,16,4,4,light_denoise_path,
/root/autodl-tmp/CoFiTok/checkpoints/train_imagenet256_k4_denoisepath_p150_light_5k_cuda_2026-07-10_imagenet256_p0/checkpoint_final.pt,"[0.047250302957406135, 0.2252470083527905, 0.3428310646570777, 0.38467162403272565]",0.9053612947463989,0.81344835460186,ordered,"[0, 1, 2, 3]",train_imagenet256_k4_denoisepath_p150_light_5k_cuda,imagenet_256,0.1324735720603106,0.0,3.3685221507280985,4,329.20572768317163,1.0087981945364486,0.8438465325161815,0.16640746244229376,13.808871932624367,500,256,256,True,343.2971874964697,4.13395651749163,1.2982104332186282,True,3.8586975671739006,15776,2,tiny_conv,True,"[1, 2, 3, 4]",2.705279379932664,0,quality_imagenet256_cofitok_5k_256_t500_2026-07-11_fair_p0,/root/autodl-tmp/CoFiTok/checkpoints/quality_imagenet256_cofitok_5k_256_t500_2026-07-11_fair_p0/quality_report.json,quality,139,val,5000,restricted,16,4,4,light_denoise_path,0.0
/root/autodl-tmp/CoFiTok/checkpoints/train_imagenet256_k4_denoisepath_p150_light_deepsk_5k_cuda_2026-07-10_imagenet256_p0/checkpoint_final.pt,,0.980606198310852,0.9552713508407275,,,train_imagenet256_k4_denoisepath_p150_light_deepsk_5k_cuda,imagenet_256,,,,4,322.08345767620335,0.5300746475044469,0.8277556328102946,0.13700337789487094,14.653287162663158,500,256,256,True,343.92815720443485,4.3966130337249405,1.2842872764449567,True,4.882620964403031,52616,2,tiny_conv,True,"[1, 2, 4]",2.2384121544517877,,quality_imagenet256_deepsk_5k_256_t500_lpips_inception_2026-07-10_imagenet256_p0,/root/autodl-tmp/CoFiTok/checkpoints/quality_imagenet256_deepsk_5k_256_t500_lpips_inception_2026-07-10_imagenet256_p0/quality_report.json,quality,139,val,5000,deep_decoder,16,4,4,deep_synthesis_ablation,
/root/autodl-tmp/CoFiTok/checkpoints/train_imagenet256_k4_epsilononly_p150eval_20k_seed103_cuda_2026-07-11_imagenet256_20k_repeat/checkpoint_final.pt,,0.28981560468673706,0.14750389626715332,,,train_imagenet256_k4_epsilononly_p150eval_20k_seed103_cuda,imagenet_256,,,,4,289.2109071399233,1.0758378865365552,0.7603978544939309,0.10963361122412607,15.62116271747534,500,1024,256,True,343.22227752945946,5.672530508966204,1.2587303449981846,True,6.562005027590203,15776,2,tiny_conv,True,"[1, 2, 4]",1.4001929406163338,,quality_imagenet256_dense_20k_seed103_1024_t500_lpips_inception_2026-07-11_imagenet256_20k_repeat,/root/autodl-tmp/CoFiTok/checkpoints/quality_imagenet256_dense_20k_seed103_1024_t500_lpips_inception_2026-07-11_imagenet256_20k_repeat/quality_report.json,quality,103,val,20000,restricted,16,4,4,epsilon_only,
/root/autodl-tmp/CoFiTok/checkpoints/train_imagenet256_k4_epsilononly_p150eval_20k_seed139_cuda_2026-07-11_imagenet256_20k_repeat/checkpoint_final.pt,,0.2983623743057251,0.1383961068931967,,,train_imagenet256_k4_epsilononly_p150eval_20k_seed139_cuda,imagenet_256,,,,4,296.7915012150153,0.7904461009411158,0.7618280875030905,0.11130987695651129,15.555262886518982,500,1024,256,True,357.35434863584646,5.337477299270375,1.2658796408795752,True,6.434188483821345,15776,2,tiny_conv,True,"[1, 2, 4]",1.4775420604919267,,quality_imagenet256_dense_20k_seed139_1024_t500_lpips_inception_2026-07-11_imagenet256_20k_repeat,/root/autodl-tmp/CoFiTok/checkpoints/quality_imagenet256_dense_20k_seed139_1024_t500_lpips_inception_2026-07-11_imagenet256_20k_repeat/quality_report.json,quality,139,val,20000,restricted,16,4,4,epsilon_only,
/root/autodl-tmp/CoFiTok/checkpoints/train_imagenet256_k4_densehead_p150eval_5k_cuda_2026-07-11_dense_monolithic/checkpoint_final.pt,[1.0],0.0,0.0,ordered,[0],train_imagenet256_k4_densehead_p150eval_5k_cuda,imagenet_256,0.16791001218371093,0.0,1.0,1,320.16012976715746,1.5395211675452436,0.8909424655139446,0.16791001218371093,13.769833981887464,500,256,256,True,320.16012976715746,1.5395211675452436,0.8909424655139446,True,0.16791001218371093,15690,2,tiny_conv,False,[1],13.769833981887464,0,quality_imagenet256_dense_monolithic_5k_256_t500_2026-07-11_dense_monolithic,/root/autodl-tmp/CoFiTok/checkpoints/quality_imagenet256_dense_monolithic_5k_256_t500_2026-07-11_dense_monolithic/quality_report.json,quality,139,val,5000,dense_identity,3,1,4,dense_monolithic,0.0
/root/autodl-tmp/CoFiTok/checkpoints/train_imagenet256_k4_epsilononly_p150eval_5k_cuda_2026-07-10_imagenet256_p0/checkpoint_final.pt,"[0.14615552649745572, 0.20549098223354742, 0.21526520583631095, 0.4330882854326859]",0.32129791378974915,0.10816564271226525,ordered,"[0, 1, 2, 3]",train_imagenet256_k4_epsilononly_p150eval_5k_cuda,imagenet_256,1.500254761427641,0.0,3.666601982907506,4,323.9320901754454,1.0281401301675808,0.8359523816034198,0.16383611597120762,13.876503476393204,500,256,256,True,370.9977131835044,5.57422236494724,1.3065085521278281,True,5.65693519047151,15776,2,tiny_conv,True,"[1, 2, 3, 4]",0.6762090506260628,0,quality_imagenet256_endpoint_only_5k_256_t500_2026-07-11_fair_p0,/root/autodl-tmp/CoFiTok/checkpoints/quality_imagenet256_endpoint_only_5k_256_t500_2026-07-11_fair_p0/quality_report.json,quality,139,val,5000,restricted,16,4,4,epsilon_only,0.0
/root/autodl-tmp/CoFiTok/checkpoints/train_imagenet256_k4_epsilononly_p150eval_5k_cuda_2026-07-10_imagenet256_p0/checkpoint_final.pt,,0.32129791378974915,0.10816564271226525,,,train_imagenet256_k4_epsilononly_p150eval_5k_cuda,imagenet_256,,,,4,323.9320901754454,1.0281401301675808,0.8359523816034198,0.16383611597120762,13.876503476393204,500,256,256,True,368.8983225352484,5.639838836292784,1.2756368487607688,True,6.479660688433796,15776,2,tiny_conv,True,"[1, 2, 4]",1.0205390462962614,,quality_imagenet256_epsilononly_5k_256_t500_lpips_inception_2026-07-10_imagenet256_p0,/root/autodl-tmp/CoFiTok/checkpoints/quality_imagenet256_epsilononly_5k_256_t500_lpips_inception_2026-07-10_imagenet256_p0/quality_report.json,quality,139,val,5000,restricted,16,4,4,epsilon_only,
/root/autodl-tmp/CoFiTok/checkpoints/train_imagenet256_k4_denoisepath_p150_light_5k_cuda_2026-07-10_imagenet256_p0/checkpoint_final.pt,,0.9053612947463989,0.81344835460186,,,train_imagenet256_k4_denoisepath_p150_light_5k_cuda,imagenet_256,,,,4,329.20572768317163,1.0087981945364486,0.8438465325161815,0.16640746244229376,13.808871932624367,500,256,256,True,349.21028051839335,4.740182773151927,1.2904264794196934,True,5.0306642046780325,15776,2,tiny_conv,True,"[1, 2, 4]",1.9493444075634447,,quality_imagenet256_light_5k_256_t500_lpips_inception_2026-07-10_imagenet256_p0,/root/autodl-tmp/CoFiTok/checkpoints/quality_imagenet256_light_5k_256_t500_lpips_inception_2026-07-10_imagenet256_p0/quality_report.json,quality,139,val,5000,restricted,16,4,4,light_denoise_path,
/root/autodl-tmp/CoFiTok/checkpoints/train_imagenet256_k4_denoisepath_p150_light_nopathprefix_5k_cuda_2026-07-10_imagenet256_p0/checkpoint_final.pt,,0.8527902960777283,0.7218682455519835,,,train_imagenet256_k4_denoisepath_p150_light_nopathprefix_5k_cuda,imagenet_256,,,,4,324.30953908077595,1.6401721619907623,0.8811985515058041,0.183323624311015,13.388415566614142,500,256,256,True,350.9826886718819,5.009635393439357,1.2914459793828428,True,5.287052423402201,15776,2,tiny_conv,True,"[1, 2, 4]",1.638136622036433,,quality_imagenet256_nopathprefix_5k_256_t500_lpips_inception_2026-07-10_imagenet256_p0,/root/autodl-tmp/CoFiTok/checkpoints/quality_imagenet256_nopathprefix_5k_256_t500_lpips_inception_2026-07-10_imagenet256_p0/quality_report.json,quality,157,val,5000,restricted,16,4,4,no_prefix_loss_ablation,
/root/autodl-tmp/CoFiTok/checkpoints/train_imagenet256_k4_denoisepath_p150_light_simultaneous_5k_cuda_2026-07-10_imagenet256_p0/checkpoint_final.pt,,0.8698713779449463,0.8034630479911963,,,train_imagenet256_k4_denoisepath_p150_light_simultaneous_5k_cuda,imagenet_256,,,,4,313.5436709516937,0.9142700731719562,0.8475490408018231,0.16018405533395708,13.974407069524462,500,256,256,True,345.9909186742484,4.7015336508065,1.2846991356927902,True,4.996961742581334,14552,2,tiny_conv,False,"[1, 2, 4]",1.9744674446075847,,quality_imagenet256_simultaneous_5k_256_t500_lpips_inception_2026-07-10_imagenet256_p0,/root/autodl-tmp/CoFiTok/checkpoints/quality_imagenet256_simultaneous_5k_256_t500_lpips_inception_2026-07-10_imagenet256_p0/quality_report.json,quality,139,val,5000,restricted,16,4,4,simultaneous_predictor,
/root/autodl-tmp/CoFiTok/checkpoints/train_imagenet_1k_64x64_hf_k8_channelmask_p150eval_5k_2026-07-08/checkpoint_final.pt,,,,,,train_imagenet_1k_64x64_hf_k8_channelmask_p150eval_5k_cuda,imagenet_1k_64x64_hf,,,,8,,3.912054347078424,,0.17489043436944485,13.5929393493204,500,256,64,,,5.060559037235666,,False,0.23817485477775335,81808,2,tiny_conv,True,"[1, 2, 4, 8]",12.485234180382278,,quality_imagenet_hf_channelmask_256_t500_2026-07-08,/root/autodl-tmp/CoFiTok/checkpoints/quality_imagenet_hf_channelmask_256_t500_2026-07-08/quality_report.json,quality,139,val,5000,restricted,16,8,32,channel_mask,
/root/autodl-tmp/CoFiTok/checkpoints/train_imagenet_1k_64x64_hf_k8_channelmask_p150eval_5k_2026-07-08/checkpoint_final.pt,"[0.9794893523688419, 0.01954307452269669, 0.0003762656047126839, 0.00012127275423932432, 7.905424358984246e-05, 3.8633824535175245e-05, 0.00011811878533851543, 0.00023422789604583968]",0.6333697438240051,0.08929700085094996,ordered,"[0, 1, 2, 3, 4, 5, 6, 7]",train_imagenet_1k_64x64_hf_k8_channelmask_p150eval_5k_cuda,imagenet_1k_64x64_hf,6.860414317809045,0.0,1.1111877179044007,8,288.38491178476005,3.935229023331208,0.6505271680653095,0.17672366835176945,13.547652734781867,500,512,64,True,295.7223191239918,5.114614143465869,0.8236441779881716,True,0.24061285952727,81808,2,tiny_conv,True,"[1, 2, 4, 8]",12.437038049497323,0,quality_imagenet_hf_channelmask_5k_512_t500_2026-07-11_fair_p0,/root/autodl-tmp/CoFiTok/checkpoints/quality_imagenet_hf_channelmask_5k_512_t500_2026-07-11_fair_p0/quality_report.json,quality,139,val,5000,restricted,16,8,32,channel_mask,0.0
/root/autodl-tmp/CoFiTok/checkpoints/train_imagenet_1k_64x64_hf_k8_denoisepath_p150_light_cleanmono_5k_cuda_2026-07-10_imagenet_hf_5k_internal_gaps/checkpoint_final.pt,,0.8772384524345398,0.7080769155706678,,,train_imagenet_1k_64x64_hf_k8_denoisepath_p150_light_cleanmono_5k_cuda,imagenet_1k_64x64_hf,,,,8,339.38323919063396,0.913138949861414,0.5301431939005852,0.1293189786374569,14.903977254369142,500,512,64,True,368.6013387863109,5.171216868303704,0.9772365341583887,True,6.823412899548809,81808,2,tiny_conv,True,"[1, 2, 4, 8]",0.10778772018859624,,quality_imagenet_hf_cleanmono_5k_512_t500_lpips_inception_2026-07-10_imagenet_hf_5k_internal_gaps,/root/autodl-tmp/CoFiTok/checkpoints/quality_imagenet_hf_cleanmono_5k_512_t500_lpips_inception_2026-07-10_imagenet_hf_5k_internal_gaps/quality_report.json,quality,163,val,5000,restricted,16,8,32,clean_monotonic_ablation,
/root/autodl-tmp/CoFiTok/checkpoints/train_imagenet_1k_64x64_hf_k8_denoisepath_p150_light_5k_2026-07-08/checkpoint_final.pt,"[0.02500310885483336, 0.03535849310370398, 0.09320950042807966, 0.11456467578850212, 0.14547313598896955, 0.18368670511057064, 0.18475255833569304, 0.21795182238964764]",0.8539525866508484,0.7329338661261967,ordered,"[0, 1, 2, 3, 4, 5, 6, 7]",train_imagenet_1k_64x64_hf_k8_denoisepath_p150_light_5k_cuda,imagenet_1k_64x64_hf,0.06717122878347125,0.0,6.790635595100593,8,307.00501388326325,0.986561586782226,0.5481768697500229,0.12951284321025014,14.897471537309787,500,512,64,True,340.05341412581527,4.342593423819806,0.9919149737272944,True,4.676551223632747,81808,2,tiny_conv,True,"[1, 2, 3, 4, 5, 6, 7, 8]",1.6168337702588134,0,quality_imagenet_hf_cofitok_5k_512_t500_2026-07-11_fair_p0,/root/autodl-tmp/CoFiTok/checkpoints/quality_imagenet_hf_cofitok_5k_512_t500_2026-07-11_fair_p0/quality_report.json,quality,139,val,5000,restricted,16,8,32,light_denoise_path,0.0
/root/autodl-tmp/CoFiTok/checkpoints/imagenet_1k_64x64_hf_k8_denoisepath_p150_light_deepsk_5k_cuda/checkpoint_final.pt,,,,,,train_imagenet_1k_64x64_hf_k8_denoisepath_p150_light_deepsk_5k_cuda,imagenet_1k_64x64_hf,,,,8,,1.0278235990445248,,0.12551031913608313,15.033805574660978,500,256,64,,,5.383845704177557,,False,6.7629972868599,272800,2,tiny_conv,True,"[1, 2, 4, 8]",0.15765965763258696,,quality_imagenet_hf_deepsk_256_t500_2026-07-08,/root/autodl-tmp/CoFiTok/checkpoints/quality_imagenet_hf_deepsk_256_t500_2026-07-08/quality_report.json,quality,139,val,5000,deep_decoder,16,8,32,deep_synthesis_ablation,
/root/autodl-tmp/CoFiTok/checkpoints/imagenet_1k_64x64_hf_k8_denoisepath_p150_light_deepsk_5k_cuda/checkpoint_final.pt,"[0.012688417056703025, 0.04931661730790554, 0.09888412696485954, 0.12318746537052878, 0.14540274537520173, 0.17299840268196545, 0.20642878369620613, 0.1910934415466298]",0.9641095995903015,0.841862657240459,ordered,"[0, 1, 2, 3, 4, 5, 6, 7]",train_imagenet_1k_64x64_hf_k8_denoisepath_p150_light_deepsk_5k_cuda,imagenet_1k_64x64_hf,0.039772802556399256,0.0,6.796742967018784,8,306.9078953993094,0.9113370333779487,0.5514690652489662,0.12567382724955678,15.028151501147207,500,512,64,True,366.4796632549697,5.184556120326431,0.9883006649712721,True,6.756722479515399,272800,2,tiny_conv,True,"[1, 2, 4, 8]",0.1602488156889006,0,quality_imagenet_hf_deepsk_5k_512_t500_2026-07-11_fair_p0,/root/autodl-tmp/CoFiTok/checkpoints/quality_imagenet_hf_deepsk_5k_512_t500_2026-07-11_fair_p0/quality_report.json,quality,139,val,5000,deep_decoder,16,8,32,deep_synthesis_ablation,0.0520557889336156
/root/autodl-tmp/CoFiTok/checkpoints/train_imagenet_1k_64x64_hf_k8_denoisepath_p150_light_deepsk_5k_seed2_2026-07-08/checkpoint_final.pt,,,,,,train_imagenet_1k_64x64_hf_k8_denoisepath_p150_light_deepsk_5k_seed2_cuda,imagenet_1k_64x64_hf,,,,8,298.04043156275634,2.450618972359611,0.6152905225753784,0.1675557028502226,13.779007774542901,500,256,64,True,367.5857649191323,5.599753025374991,0.9960613573590914,True,6.613850238112112,272800,2,tiny_conv,True,"[1, 2, 4, 8]",0.02052534756516759,,quality_imagenet_hf_deepsk_seed2_256_t500_lpips_inception_2026-07-08,/root/autodl-tmp/CoFiTok/checkpoints/quality_imagenet_hf_deepsk_seed2_256_t500_lpips_inception_2026-07-08/quality_report.json,quality,103,val,5000,deep_decoder,16,8,32,deep_synthesis_ablation,
/root/autodl-tmp/CoFiTok/checkpoints/train_imagenet_1k_64x64_hf_k8_densehead_p150eval_5k_cuda_2026-07-11_dense_monolithic/checkpoint_final.pt,[1.0],0.0,0.0,ordered,[0],train_imagenet_1k_64x64_hf_k8_densehead_p150eval_5k_cuda,imagenet_1k_64x64_hf,0.12637068470939994,0.0,1.0,1,324.0317979281881,1.0986067226269047,0.5511060692369938,0.12637068470939994,15.004136527102574,500,512,64,True,324.0317979281881,1.0986067226269047,0.5511060692369938,True,0.12637068470939994,80707,2,tiny_conv,False,[1],15.004136527102574,0,quality_imagenet_hf_dense_monolithic_5k_512_t500_2026-07-11_dense_monolithic,/root/autodl-tmp/CoFiTok/checkpoints/quality_imagenet_hf_dense_monolithic_5k_512_t500_2026-07-11_dense_monolithic/quality_report.json,quality,139,val,5000,dense_identity,3,1,32,dense_monolithic,0.0
/root/autodl-tmp/CoFiTok/checkpoints/train_imagenet_1k_64x64_hf_k8_epsilononly_p150eval_5k_2026-07-08/checkpoint_final.pt,"[0.006892795253423628, 0.010685332465875311, 0.041751848352200666, 0.09603840727148588, 0.11529473020557623, 0.13147383214375694, 0.3376563145356638, 0.2602067397720175]",0.44424188137054443,0.15923551895788737,ordered,"[0, 1, 2, 3, 4, 5, 6, 7]",train_imagenet_1k_64x64_hf_k8_epsilononly_p150eval_5k_cuda,imagenet_1k_64x64_hf,1.1119665160243,0.0,5.329000325454295,8,317.21391175227814,0.9974186469062064,0.532939825206995,0.12648597359657288,15.000176233446162,500,512,64,True,362.8906359348966,6.210721605552974,0.9719173517078161,True,6.991583294102123,81808,2,tiny_conv,True,"[1, 2, 3, 4, 5, 6, 7, 8]",-1.0059795234606312,0,quality_imagenet_hf_endpoint_only_5k_512_t500_2026-07-11_fair_p0,/root/autodl-tmp/CoFiTok/checkpoints/quality_imagenet_hf_endpoint_only_5k_512_t500_2026-07-11_fair_p0/quality_report.json,quality,139,val,5000,restricted,16,8,32,epsilon_only,0.0
/root/autodl-tmp/CoFiTok/checkpoints/train_imagenet_1k_64x64_hf_k8_epsilononly_p150eval_20k_2026-07-08/checkpoint_final.pt,,,,,,train_imagenet_1k_64x64_hf_k8_epsilononly_p150eval_20k_cuda,imagenet_1k_64x64_hf,,,,8,330.6432419190185,0.7159785024331204,0.5203920379281044,0.10659691598266363,15.743153512817443,500,256,64,True,371.27686841645965,5.4476560869921835,0.9827605821192265,True,8.21381020033732,81808,2,tiny_conv,True,"[1, 2, 4, 8]",-0.5756765011574968,,quality_imagenet_hf_epsilononly_20k_256_t500_lpips_inception_2026-07-08,/root/autodl-tmp/CoFiTok/checkpoints/quality_imagenet_hf_epsilononly_20k_256_t500_lpips_inception_2026-07-08/quality_report.json,quality,139,val,20000,restricted,16,8,32,epsilon_only,
/root/autodl-tmp/CoFiTok/checkpoints/train_imagenet_1k_64x64_hf_k8_epsilononly_p150eval_20k_seed2_cuda_2026-07-08/checkpoint_final.pt,,,,,,train_imagenet_1k_64x64_hf_k8_epsilononly_p150eval_20k_seed2_cuda,imagenet_1k_64x64_hf,,,,8,358.5814684608122,0.6252711851057179,0.5602435786277056,0.11003619735129178,15.605244177699507,500,1024,64,True,366.92076957033606,5.314998085903764,0.9937379797920585,True,8.07235655239007,81808,2,tiny_conv,True,"[1, 2, 4, 8]",-0.5663937184041297,,quality_imagenet_hf_epsilononly_20k_seed2_1024_t500_lpips_inception_2026-07-08,/root/autodl-tmp/CoFiTok/checkpoints/quality_imagenet_hf_epsilononly_20k_seed2_1024_t500_lpips_inception_2026-07-08/quality_report.json,quality,103,val,20000,restricted,16,8,32,epsilon_only,
/root/autodl-tmp/CoFiTok/checkpoints/train_imagenet_1k_64x64_hf_k8_epsilononly_p150eval_20k_seed2_cuda_2026-07-08/checkpoint_final.pt,,0.383494108915329,0.14547811656951903,,,train_imagenet_1k_64x64_hf_k8_epsilononly_p150eval_20k_seed2_cuda,imagenet_1k_64x64_hf,,,,8,,0.5532316261802475,,0.10797483997344971,15.687374222638951,500,50000,64,False,,5.225075043419672,,False,8.06906904091517,81808,2,tiny_conv,True,"[1, 2, 4, 8]",-0.5513934654038802,,quality_imagenet_hf_epsilononly_20k_seed2_fullval_t500_2026-07-08,/root/autodl-tmp/CoFiTok/checkpoints/quality_imagenet_hf_epsilononly_20k_seed2_fullval_t500_2026-07-08/quality_report.json,quality,103,val,20000,restricted,16,8,32,epsilon_only,
/root/autodl-tmp/CoFiTok/checkpoints/train_imagenet_1k_64x64_hf_k8_epsilononly_p150eval_5k_2026-07-08/checkpoint_final.pt,,,,,,train_imagenet_1k_64x64_hf_k8_epsilononly_p150eval_5k_cuda,imagenet_1k_64x64_hf,,,,8,,1.1014623567684458,,0.12616707105189562,15.011139702274484,500,256,64,,,5.506049424106441,,False,8.297705314587802,81808,2,tiny_conv,True,"[1, 2, 4, 8]",-0.7409492479943675,,quality_imagenet_hf_epsilononly_256_t500_2026-07-08,/root/autodl-tmp/CoFiTok/checkpoints/quality_imagenet_hf_epsilononly_256_t500_2026-07-08/quality_report.json,quality,139,val,5000,restricted,16,8,32,epsilon_only,
/root/autodl-tmp/CoFiTok/checkpoints/train_imagenet_1k_64x64_hf_k8_epsilononly_p150eval_5k_2026-07-08/checkpoint_final.pt,,,,,,train_imagenet_1k_64x64_hf_k8_epsilononly_p150eval_5k_cuda,imagenet_1k_64x64_hf,,,,8,331.30439963369963,1.1014623568651076,,0.12616707105189562,15.011139702274484,500,256,64,True,372.46316040082655,5.506049424121399,,False,8.297705314587802,81808,2,tiny_conv,True,"[1, 2, 4, 8]",-0.7409492479943675,,quality_imagenet_hf_epsilononly_256_t500_inception_2026-07-08,/root/autodl-tmp/CoFiTok/checkpoints/quality_imagenet_hf_epsilononly_256_t500_inception_2026-07-08/quality_report.json,quality,139,val,5000,restricted,16,8,32,epsilon_only,
/root/autodl-tmp/CoFiTok/checkpoints/train_imagenet_1k_64x64_hf_k8_epsilononly_p150eval_5k_2026-07-08/checkpoint_final.pt,,,,,,train_imagenet_1k_64x64_hf_k8_epsilononly_p150eval_5k_cuda,imagenet_1k_64x64_hf,,,,8,331.30439963369963,1.1014623568651076,0.5353980511426926,0.12616707105189562,15.011139702274484,500,256,64,True,372.46316040082655,5.506049424121399,0.9783930803338686,True,8.297705314587802,81808,2,tiny_conv,True,"[1, 2, 4, 8]",-0.7409492479943675,,quality_imagenet_hf_epsilononly_256_t500_lpips_inception_2026-07-08,/root/autodl-tmp/CoFiTok/checkpoints/quality_imagenet_hf_epsilononly_256_t500_lpips_inception_2026-07-08/quality_report.json,quality,139,val,5000,restricted,16,8,32,epsilon_only,
/root/autodl-tmp/CoFiTok/checkpoints/train_imagenet_1k_64x64_hf_k8_epsilononly_p150eval_5k_seed2_2026-07-08/checkpoint_final.pt,,,,,,train_imagenet_1k_64x64_hf_k8_epsilononly_p150eval_5k_seed2_cuda,imagenet_1k_64x64_hf,,,,8,325.56716299389905,0.939263200772456,0.554108515381813,0.12272138148546219,15.13139755804086,500,256,64,True,376.82143835777816,5.488380364607342,0.998894048233827,True,8.09904139364759,81808,2,tiny_conv,True,"[1, 2, 4, 8]",-0.6562835032675173,,quality_imagenet_hf_epsilononly_seed2_256_t500_lpips_inception_2026-07-08,/root/autodl-tmp/CoFiTok/checkpoints/quality_imagenet_hf_epsilononly_seed2_256_t500_lpips_inception_2026-07-08/quality_report.json,quality,103,val,5000,restricted,16,8,32,epsilon_only,
/root/autodl-tmp/CoFiTok/checkpoints/train_imagenet_1k_64x64_hf_k16_denoisepath_p150_light_5k_2026-07-08/checkpoint_final.pt,,,,,,train_imagenet_1k_64x64_hf_k16_denoisepath_p150_light_5k_cuda,imagenet_1k_64x64_hf,,,,16,,1.100343412054223,,0.12651426438242197,14.999204966989474,500,256,64,,,5.766147920591318,,False,7.905224003945477,95648,2,tiny_conv,True,"[1, 2, 4, 8, 16]",-1.0125609448709487,,quality_imagenet_hf_k16_light_256_t500_2026-07-08,/root/autodl-tmp/CoFiTok/checkpoints/quality_imagenet_hf_k16_light_256_t500_2026-07-08/quality_report.json,quality,139,val,5000,restricted,16,16,32,light_denoise_path,
/root/autodl-tmp/CoFiTok/checkpoints/train_imagenet_1k_64x64_hf_k16_denoisepath_p150_light_5k_seed2_2026-07-08/checkpoint_final.pt,,,,,,train_imagenet_1k_64x64_hf_k16_denoisepath_p150_light_5k_seed2_cuda,imagenet_1k_64x64_hf,,,,16,346.69854578560523,0.9730070789355173,0.5384102016687393,0.12983298394829035,14.886749527389163,500,256,64,True,377.6511400366023,5.677710655642317,1.006226271390915,True,7.745983526227064,95648,2,tiny_conv,True,"[1, 2, 4, 8, 16]",-0.9744054687691346,,quality_imagenet_hf_k16_light_seed2_256_t500_lpips_inception_2026-07-08,/root/autodl-tmp/CoFiTok/checkpoints/quality_imagenet_hf_k16_light_seed2_256_t500_lpips_inception_2026-07-08/quality_report.json,quality,103,val,5000,restricted,16,16,32,light_denoise_path,
/root/autodl-tmp/CoFiTok/checkpoints/train_imagenet_1k_64x64_hf_k4_denoisepath_p150_light_5k_2026-07-08/checkpoint_final.pt,,,,,,train_imagenet_1k_64x64_hf_k4_denoisepath_p150_light_5k_cuda,imagenet_1k_64x64_hf,,,,4,,1.150572032956996,,0.12665503285825253,14.99437539411111,500,256,64,,,4.548992671495668,,False,4.952937317546457,74888,2,tiny_conv,True,"[1, 2, 4]",2.292689758504192,,quality_imagenet_hf_k4_light_256_t500_2026-07-08,/root/autodl-tmp/CoFiTok/checkpoints/quality_imagenet_hf_k4_light_256_t500_2026-07-08/quality_report.json,quality,139,val,5000,restricted,16,4,32,light_denoise_path,
/root/autodl-tmp/CoFiTok/checkpoints/train_imagenet_1k_64x64_hf_k4_denoisepath_p150_light_5k_seed2_2026-07-08/checkpoint_final.pt,,,,,,train_imagenet_1k_64x64_hf_k4_denoisepath_p150_light_5k_seed2_cuda,imagenet_1k_64x64_hf,,,,4,337.1294324982822,0.9848229265703291,0.54045420140028,0.12432404421269894,15.075048622111225,500,256,64,True,360.3850593190929,4.514245918342705,0.9298042710870504,True,4.938312818761915,74888,2,tiny_conv,True,"[1, 2, 4]",2.2983536028945024,,quality_imagenet_hf_k4_light_seed2_256_t500_lpips_inception_2026-07-08,/root/autodl-tmp/CoFiTok/checkpoints/quality_imagenet_hf_k4_light_seed2_256_t500_lpips_inception_2026-07-08/quality_report.json,quality,103,val,5000,restricted,16,4,32,light_denoise_path,
/root/autodl-tmp/CoFiTok/checkpoints/train_imagenet_1k_64x64_hf_k8_denoisepath_p150_light_20k_2026-07-08/checkpoint_final.pt,,,,,,train_imagenet_1k_64x64_hf_k8_denoisepath_p150_light_20k_cuda,imagenet_1k_64x64_hf,,,,8,360.7951351181197,0.8874313708514442,0.514988511800766,0.1112375520169735,15.558085684643046,500,256,64,True,378.2375990213612,5.2238945089468904,0.9734973932305971,True,6.627238397176067,81808,2,tiny_conv,True,"[1, 2, 4, 8]",0.30469584206657324,,quality_imagenet_hf_k8_light_20k_256_t500_lpips_inception_2026-07-08,/root/autodl-tmp/CoFiTok/checkpoints/quality_imagenet_hf_k8_light_20k_256_t500_lpips_inception_2026-07-08/quality_report.json,quality,139,val,20000,restricted,16,8,32,light_denoise_path,
/root/autodl-tmp/CoFiTok/checkpoints/train_imagenet_1k_64x64_hf_k8_denoisepath_p150_light_20k_seed2_cuda_2026-07-08/checkpoint_final.pt,,,,,,train_imagenet_1k_64x64_hf_k8_denoisepath_p150_light_20k_seed2_cuda,imagenet_1k_64x64_hf,,,,8,366.61738691815424,0.8776443590892103,0.5592953953891993,0.11626827297732234,15.365987697265876,500,1024,64,True,366.47723666420933,4.957210921763445,0.9700841391459107,True,6.607863778170819,81808,2,tiny_conv,True,"[1, 2, 4, 8]",0.27087049209195957,,quality_imagenet_hf_k8_light_20k_seed2_1024_t500_lpips_inception_2026-07-08,/root/autodl-tmp/CoFiTok/checkpoints/quality_imagenet_hf_k8_light_20k_seed2_1024_t500_lpips_inception_2026-07-08/quality_report.json,quality,103,val,20000,restricted,16,8,32,light_denoise_path,
/root/autodl-tmp/CoFiTok/checkpoints/train_imagenet_1k_64x64_hf_k8_denoisepath_p150_light_20k_seed2_cuda_2026-07-08/checkpoint_final.pt,,0.9493873119354248,0.8629757982526507,,,train_imagenet_1k_64x64_hf_k8_denoisepath_p150_light_20k_seed2_cuda,imagenet_1k_64x64_hf,,,,8,,0.8032135043046044,,0.11417773213386535,15.444785787873514,500,50000,64,False,,4.8738489007310255,,False,6.604899761945407,81808,2,tiny_conv,True,"[1, 2, 4, 8]",0.2855914881326023,,quality_imagenet_hf_k8_light_20k_seed2_fullval_t500_2026-07-08,/root/autodl-tmp/CoFiTok/checkpoints/quality_imagenet_hf_k8_light_20k_seed2_fullval_t500_2026-07-08/quality_report.json,quality,103,val,20000,restricted,16,8,32,light_denoise_path,
/root/autodl-tmp/CoFiTok/checkpoints/train_imagenet_1k_64x64_hf_k8_denoisepath_p150_light_5k_2026-07-08/checkpoint_final.pt,,,,,,train_imagenet_1k_64x64_hf_k8_denoisepath_p150_light_5k_cuda,imagenet_1k_64x64_hf,,,,8,,1.086360059476878,,0.12894379626959562,14.916595390819506,500,256,64,,,5.345836400655313,,False,6.702047128695995,81808,2,tiny_conv,True,"[1, 2, 4, 8]",0.14246555463074687,,quality_imagenet_hf_k8_light_256_t500_2026-07-08,/root/autodl-tmp/CoFiTok/checkpoints/quality_imagenet_hf_k8_light_256_t500_2026-07-08/quality_report.json,quality,139,val,5000,restricted,16,8,32,light_denoise_path,
/root/autodl-tmp/CoFiTok/checkpoints/train_imagenet_1k_64x64_hf_k8_denoisepath_p150_light_5k_2026-07-08/checkpoint_final.pt,,,,,,train_imagenet_1k_64x64_hf_k8_denoisepath_p150_light_5k_cuda,imagenet_1k_64x64_hf,,,,8,321.76765241838194,1.0863600595207221,,0.12894379626959562,14.916595390819506,500,256,64,True,372.1299274427799,5.345836400670566,,False,6.702047128695995,81808,2,tiny_conv,True,"[1, 2, 4, 8]",0.14246555463074687,,quality_imagenet_hf_k8_light_256_t500_inception_2026-07-08,/root/autodl-tmp/CoFiTok/checkpoints/quality_imagenet_hf_k8_light_256_t500_inception_2026-07-08/quality_report.json,quality,139,val,5000,restricted,16,8,32,light_denoise_path,
/root/autodl-tmp/CoFiTok/checkpoints/train_imagenet_1k_64x64_hf_k8_denoisepath_p150_light_5k_2026-07-08/checkpoint_final.pt,,,,,,train_imagenet_1k_64x64_hf_k8_denoisepath_p150_light_5k_cuda,imagenet_1k_64x64_hf,,,,8,321.76765241838194,1.0863600595207221,0.5494644418358803,0.12894379626959562,14.916595390819506,500,256,64,True,372.1299274427799,5.345836400670566,0.9806524204711119,True,6.702047128695995,81808,2,tiny_conv,True,"[1, 2, 4, 8]",0.14246555463074687,,quality_imagenet_hf_k8_light_256_t500_lpips_inception_2026-07-08,/root/autodl-tmp/CoFiTok/checkpoints/quality_imagenet_hf_k8_light_256_t500_lpips_inception_2026-07-08/quality_report.json,quality,139,val,5000,restricted,16,8,32,light_denoise_path,
/root/autodl-tmp/CoFiTok/checkpoints/train_imagenet_1k_64x64_hf_k8_denoisepath_p150_light_cleanmono_10k_cuda_2026-07-08/checkpoint_final.pt,,,,,,train_imagenet_1k_64x64_hf_k8_denoisepath_p150_light_cleanmono_10k_cuda,imagenet_1k_64x64_hf,,,,8,345.00944974501874,0.7991417689942125,0.5411988478153944,0.1182176808360964,15.293775561084061,500,1024,64,True,363.88899014299153,4.864275833857906,0.972907598130405,True,6.7003742612044634,81808,2,tiny_conv,True,"[1, 2, 4, 8]",0.23404820641300775,,quality_imagenet_hf_k8_light_cleanmono_10k_1024_t500_lpips_inception_2026-07-08,/root/autodl-tmp/CoFiTok/checkpoints/quality_imagenet_hf_k8_light_cleanmono_10k_1024_t500_lpips_inception_2026-07-08/quality_report.json,quality,163,val,10000,restricted,16,8,32,clean_monotonic_ablation,
/root/autodl-tmp/CoFiTok/checkpoints/train_imagenet_1k_64x64_hf_k8_denoisepath_p150_light_multiscale_10k_cuda_2026-07-08/checkpoint_final.pt,,,,,,train_imagenet_1k_64x64_hf_k8_denoisepath_p150_light_multiscale_10k_cuda,imagenet_1k_64x64_hf,,,,8,214.04996668989804,0.19248123743050205,0.48169187270104885,0.09812729374971241,16.102701697152895,500,1024,64,True,343.6893997601067,4.765782380328173,0.9539648157854875,True,6.669807541397556,1660912,2,multiscale_unet,True,"[1, 2, 4, 8]",0.3553130602849827,,quality_imagenet_hf_k8_light_multiscale_10k_1024_t500_lpips_inception_2026-07-08,/root/autodl-tmp/CoFiTok/checkpoints/quality_imagenet_hf_k8_light_multiscale_10k_1024_t500_lpips_inception_2026-07-08/quality_report.json,quality,151,val,10000,restricted,16,8,24,light_denoise_path,
/root/autodl-tmp/CoFiTok/checkpoints/train_imagenet_1k_64x64_hf_k8_denoisepath_p150_light_nopathprefix_10k_cuda_2026-07-08/checkpoint_final.pt,,,,,,train_imagenet_1k_64x64_hf_k8_denoisepath_p150_light_nopathprefix_10k_cuda,imagenet_1k_64x64_hf,,,,8,313.97386113676475,0.7371094811973267,0.5376558043062687,0.11709023267030716,15.335393223384944,500,1024,64,True,358.7153007467003,4.911449564316913,0.9762463886290789,True,6.964608968545993,81808,2,tiny_conv,True,"[1, 2, 4, 8]",0.0539850337151219,,quality_imagenet_hf_k8_light_nopathprefix_10k_1024_t500_lpips_inception_2026-07-08,/root/autodl-tmp/CoFiTok/checkpoints/quality_imagenet_hf_k8_light_nopathprefix_10k_1024_t500_lpips_inception_2026-07-08/quality_report.json,quality,157,val,10000,restricted,16,8,32,no_prefix_loss_ablation,
/root/autodl-tmp/CoFiTok/checkpoints/train_imagenet_1k_64x64_hf_k8_denoisepath_p150_light_5k_seed2_2026-07-08/checkpoint_final.pt,,,,,,train_imagenet_1k_64x64_hf_k8_denoisepath_p150_light_5k_seed2_cuda,imagenet_1k_64x64_hf,,,,8,341.2256051589552,0.8943762857402408,0.5463289171457291,0.1246963869780302,15.062061211552457,500,256,64,True,373.5919689867664,5.313708716004755,0.990866961578528,True,6.787810784764588,81808,2,tiny_conv,True,"[1, 2, 4, 8]",0.09460515902955269,,quality_imagenet_hf_k8_light_seed2_256_t500_lpips_inception_2026-07-08,/root/autodl-tmp/CoFiTok/checkpoints/quality_imagenet_hf_k8_light_seed2_256_t500_lpips_inception_2026-07-08/quality_report.json,quality,103,val,5000,restricted,16,8,32,light_denoise_path,
/root/autodl-tmp/CoFiTok/checkpoints/train_imagenet_1k_64x64_hf_k8_denoisepath_p150_light_nopathprefix_5k_cuda_2026-07-10_imagenet_hf_5k_internal_gaps/checkpoint_final.pt,,0.9097641706466675,0.7107551864215306,,,train_imagenet_1k_64x64_hf_k8_denoisepath_p150_light_nopathprefix_5k_cuda,imagenet_1k_64x64_hf,,,,8,305.8822272010618,0.9986444786795103,0.5417431890964508,0.12849285872653127,14.93180999861767,500,512,64,True,361.7850843185632,5.145222816071127,0.9887451815108458,True,7.002445066425328,81808,2,tiny_conv,True,"[1, 2, 4, 8]",-0.05762479548087285,,quality_imagenet_hf_nopathprefix_5k_512_t500_lpips_inception_2026-07-10_imagenet_hf_5k_internal_gaps,/root/autodl-tmp/CoFiTok/checkpoints/quality_imagenet_hf_nopathprefix_5k_512_t500_lpips_inception_2026-07-10_imagenet_hf_5k_internal_gaps/quality_report.json,quality,157,val,5000,restricted,16,8,32,no_prefix_loss_ablation,
/root/autodl-tmp/CoFiTok/checkpoints/train_imagenet_1k_64x64_hf_k8_denoisepath_p150_light_simultaneous_5k_2026-07-08/checkpoint_final.pt,"[0.02682177707337344, 0.039639258861847965, 0.09227004024945143, 0.11163097691841856, 0.14406295136946895, 0.1736680854403563, 0.203652584482113, 0.20825432560497034]",0.8625344634056091,0.7469491192272731,ordered,"[0, 1, 2, 3, 4, 5, 6, 7]",train_imagenet_1k_64x64_hf_k8_denoisepath_p150_light_simultaneous_5k_cuda,imagenet_1k_64x64_hf,0.049293199107827,0.0,6.845742093565154,8,319.54409995300045,0.899238988188911,0.5417345687747002,0.12790957046672702,14.951569507946601,500,512,64,True,364.5864384103115,5.115758509264516,0.9803845298786958,True,6.592121307970956,76096,2,tiny_conv,False,"[1, 2, 4, 8]",0.20383770516046043,0,quality_imagenet_hf_simultaneous_5k_512_t500_2026-07-11_fair_p0,/root/autodl-tmp/CoFiTok/checkpoints/quality_imagenet_hf_simultaneous_5k_512_t500_2026-07-11_fair_p0/quality_report.json,quality,139,val,5000,restricted,16,8,32,simultaneous_predictor,0.0
/root/autodl-tmp/CoFiTok/checkpoints/train_imagenet_1k_64x64_hf_k8_denoisepath_p150_light_simultaneous_5k_seed2_2026-07-08/checkpoint_final.pt,,,,,,train_imagenet_1k_64x64_hf_k8_denoisepath_p150_light_simultaneous_5k_seed2_cuda,imagenet_1k_64x64_hf,,,,8,318.74851479264555,0.9934054929222863,0.5756500065326691,0.12933004461228848,14.903605639448752,500,256,64,True,372.9823865778826,5.261991592891536,0.9891995464762052,True,6.6234349419052405,76096,2,tiny_conv,False,"[1, 2, 4, 8]",0.1930701392135171,,quality_imagenet_hf_simultaneous_seed2_256_t500_lpips_inception_2026-07-08,/root/autodl-tmp/CoFiTok/checkpoints/quality_imagenet_hf_simultaneous_seed2_256_t500_lpips_inception_2026-07-08/quality_report.json,quality,103,val,5000,restricted,16,8,32,simultaneous_predictor,
/root/autodl-tmp/CoFiTok/checkpoints/train_imagenet_1k_64x64_hf_k8_denoisepath_p150_light_20k_2026-07-08/checkpoint_final.pt,"[0.020192008684514696, 0.04049583117422506, 0.09075068891956832, 0.1186799241420542, 0.14272717121035924, 0.16937037603112884, 0.1936185929256912, 0.22416540691245845]",0.9555085897445679,0.8667399712971279,ordered,"[0, 1, 2, 3, 4, 5, 6, 7]",train_imagenet_1k_64x64_hf_k8_denoisepath_p150_light_20k_cuda,imagenet_1k_64x64_hf,0.035297618014737964,0.0,6.7603924179709525,8,,0.7185686045319851,,0.11397207621484995,15.452615314940502,500,1024,64,False,,4.047306047628372,,False,4.608361362679196,81808,2,tiny_conv,True,"[1, 2, 3, 4, 5, 6, 7, 8]",1.760425665234914,0,quality_path_imagenet_hf_cofitok_20k_seed103_1024_t500_2026-07-11_confirmatory,/root/autodl-tmp/CoFiTok/checkpoints/quality_path_imagenet_hf_cofitok_20k_seed103_1024_t500_2026-07-11_confirmatory/quality_report.json,quality,139,val,20000,restricted,16,8,32,light_denoise_path,0.0
/root/autodl-tmp/CoFiTok/checkpoints/train_imagenet_1k_64x64_hf_k8_denoisepath_p150_light_20k_seed2_cuda_2026-07-08/checkpoint_final.pt,"[0.020178673953349838, 0.04246942987898168, 0.09394526618535921, 0.1007688137123698, 0.15221030632806107, 0.16995407275217844, 0.1937679478401787, 0.22670548934952126]",0.9488397240638733,0.862941101193428,ordered,"[0, 1, 2, 3, 4, 5, 6, 7]",train_imagenet_1k_64x64_hf_k8_denoisepath_p150_light_20k_seed2_cuda,imagenet_1k_64x64_hf,0.04059367714424817,0.0,6.743229602909457,8,,0.877644359089728,,0.11626827297732234,15.365987697265876,500,1024,64,False,,4.163755948696292,,False,4.579710538864934,81808,2,tiny_conv,True,"[1, 2, 3, 4, 5, 6, 7, 8]",1.7652498488161628,0,quality_path_imagenet_hf_cofitok_20k_seed139_1024_t500_2026-07-11_confirmatory,/root/autodl-tmp/CoFiTok/checkpoints/quality_path_imagenet_hf_cofitok_20k_seed139_1024_t500_2026-07-11_confirmatory/quality_report.json,quality,103,val,20000,restricted,16,8,32,light_denoise_path,0.0
/root/autodl-tmp/CoFiTok/checkpoints/train_imagenet_1k_64x64_hf_k8_epsilononly_p150eval_20k_2026-07-08/checkpoint_final.pt,"[0.007194902188258746, 0.009822146711787137, 0.06179102411807877, 0.08505357726823509, 0.059881247222711875, 0.18069555293210612, 0.2613499343587831, 0.33421161520003917]",0.3755020797252655,0.13617224272872722,ordered,"[0, 1, 2, 3, 4, 5, 6, 7]",train_imagenet_1k_64x64_hf_k8_epsilononly_p150eval_20k_cuda,imagenet_1k_64x64_hf,1.0839352101653017,0.0,5.245088608480902,8,,0.5466000773525478,,0.10922453296370804,15.637397949545331,500,1024,64,False,,5.335324954860581,,False,6.872808703703673,81808,2,tiny_conv,True,"[1, 2, 3, 4, 5, 6, 7, 8]",-0.9539386471783171,0,quality_path_imagenet_hf_endpoint_only_20k_seed103_1024_t500_2026-07-11_confirmatory,/root/autodl-tmp/CoFiTok/checkpoints/quality_path_imagenet_hf_endpoint_only_20k_seed103_1024_t500_2026-07-11_confirmatory/quality_report.json,quality,139,val,20000,restricted,16,8,32,epsilon_only,0.0
/root/autodl-tmp/CoFiTok/checkpoints/train_imagenet_1k_64x64_hf_k8_epsilononly_p150eval_20k_seed2_cuda_2026-07-08/checkpoint_final.pt,"[0.01950690260261604, 0.012949851155862988, 0.03548849152094678, 0.024495350028184003, 0.18452903925553218, 0.13951980724932833, 0.21546142966546153, 0.3680491285220681]",0.37754490971565247,0.145463155316455,ordered,"[0, 1, 2, 3, 4, 5, 6, 7]",train_imagenet_1k_64x64_hf_k8_epsilononly_p150eval_20k_seed2_cuda,imagenet_1k_64x64_hf,0.9128126720897853,0.0,5.091994710349405,8,,0.6252711851703665,,0.11003619735129178,15.605244177699507,500,1024,64,False,,5.402072908759757,,False,6.575095093892222,81808,2,tiny_conv,True,"[1, 2, 3, 4, 5, 6, 7, 8]",-0.7760512848114011,0,quality_path_imagenet_hf_endpoint_only_20k_seed139_1024_t500_2026-07-11_confirmatory,/root/autodl-tmp/CoFiTok/checkpoints/quality_path_imagenet_hf_endpoint_only_20k_seed139_1024_t500_2026-07-11_confirmatory/quality_report.json,quality,103,val,20000,restricted,16,8,32,epsilon_only,0.0
/root/autodl-tmp/CoFiTok/checkpoints/train_tiny_imagenet_k8_denoisepath_p150_light_20k_2026-07-08/checkpoint_final.pt,"[0.02085807919958814, 0.04062314451462385, 0.08892603358489401, 0.11800382421046997, 0.1508035962130611, 0.16934534654249953, 0.18910400362163568, 0.22233597211322773]",0.9662561416625977,0.8722194795097623,ordered,"[0, 1, 2, 3, 4, 5, 6, 7]",train_tiny_imagenet_k8_denoisepath_p150_light_20k_cuda,tiny_imagenet_200,0.03726455474679824,0.0,6.7766545534808955,8,,0.8162985481779025,,0.1285546540748328,14.929721872652227,500,1024,64,False,,4.253300116423257,,False,4.578155036533384,81808,2,tiny_conv,True,"[1, 2, 3, 4, 5, 6, 7, 8]",1.7610252483027302,0,quality_path_tiny_cofitok_20k_seed103_1024_t500_2026-07-11_confirmatory,/root/autodl-tmp/CoFiTok/checkpoints/quality_path_tiny_cofitok_20k_seed103_1024_t500_2026-07-11_confirmatory/quality_report.json,quality,139,val,20000,restricted,16,8,32,light_denoise_path,0.0
/root/autodl-tmp/CoFiTok/checkpoints/train_tiny_imagenet_k8_denoisepath_p150_light_20k_seed2_cuda_2026-07-08/checkpoint_final.pt,"[0.020517819204405166, 0.04391336145355407, 0.09149001922658677, 0.09940019319309044, 0.15830585468460828, 0.16549114118682293, 0.20290536997396252, 0.21797624107696983]",0.9644744992256165,0.8684288093021938,ordered,"[0, 1, 2, 3, 4, 5, 6, 7]",train_tiny_imagenet_k8_denoisepath_p150_light_20k_seed2_cuda,tiny_imagenet_200,0.03825659936618259,0.0,6.756137649741953,8,,0.7836724337347879,,0.13061638036742806,14.860623468766871,500,1024,64,False,,4.069350579044276,,False,4.539513244193846,81808,2,tiny_conv,True,"[1, 2, 3, 4, 5, 6, 7, 8]",1.8391499080183493,0,quality_path_tiny_cofitok_20k_seed139_1024_t500_2026-07-11_confirmatory,/root/autodl-tmp/CoFiTok/checkpoints/quality_path_tiny_cofitok_20k_seed139_1024_t500_2026-07-11_confirmatory/quality_report.json,quality,103,val,20000,restricted,16,8,32,light_denoise_path,0.0
/root/autodl-tmp/CoFiTok/checkpoints/train_tiny_imagenet_k8_epsilononly_p150eval_20k_2026-07-08/checkpoint_final.pt,"[0.008114500820554302, 0.009902340113852047, 0.05910193391633539, 0.10092817844067888, 0.06346153476811987, 0.17820021702909458, 0.24420899811021776, 0.33608229680114715]",0.33429670333862305,0.12590555447552884,ordered,"[0, 1, 2, 3, 4, 5, 6, 7]",train_tiny_imagenet_k8_epsilononly_p150eval_20k_cuda,tiny_imagenet_200,1.1109421956436043,0.0,5.346705840801596,8,,0.690649512363743,,0.1252713252324611,15.042083195236824,500,1024,64,False,,5.258438506953058,,False,6.880421875127857,81808,2,tiny_conv,True,"[1, 2, 3, 4, 5, 6, 7, 8]",-1.0144716554162192,0,quality_path_tiny_endpoint_only_20k_seed103_1024_t500_2026-07-11_confirmatory,/root/autodl-tmp/CoFiTok/checkpoints/quality_path_tiny_endpoint_only_20k_seed103_1024_t500_2026-07-11_confirmatory/quality_report.json,quality,139,val,20000,restricted,16,8,32,epsilon_only,0.0
/root/autodl-tmp/CoFiTok/checkpoints/train_tiny_imagenet_k8_epsilononly_p150eval_20k_seed2_cuda_2026-07-08/checkpoint_final.pt,"[0.01862071436842219, 0.017391686336598853, 0.04492278161234237, 0.028624292964899663, 0.16187873476269712, 0.1460725716116117, 0.22187108741352188, 0.36061813092990624]",0.4360911548137665,0.15034073005829537,ordered,"[0, 1, 2, 3, 4, 5, 6, 7]",train_tiny_imagenet_k8_epsilononly_p150eval_20k_seed2_cuda,tiny_imagenet_200,0.908732674832988,0.0,5.277085570775446,8,,0.666466924998798,,0.12540308781899512,15.037517610035962,500,1024,64,False,,5.6475098011135305,,False,6.452868267644329,81808,2,tiny_conv,True,"[1, 2, 3, 4, 5, 6, 7, 8]",-0.7398358858532542,0,quality_path_tiny_endpoint_only_20k_seed139_1024_t500_2026-07-11_confirmatory,/root/autodl-tmp/CoFiTok/checkpoints/quality_path_tiny_endpoint_only_20k_seed139_1024_t500_2026-07-11_confirmatory/quality_report.json,quality,103,val,20000,restricted,16,8,32,epsilon_only,0.0
/root/autodl-tmp/CoFiTok/checkpoints/train_tiny_imagenet_k8_channelmask_5k_2026-07-08/checkpoint_final.pt,,,,,,train_tiny_imagenet_k8_channelmask_5k_cuda,tiny_imagenet_200,,,,8,,4.398683907269603,,0.20258108526468277,12.954610979278602,500,256,64,,,5.692477969999921,,False,0.27003037308653194,81808,2,tiny_conv,True,"[1, 2, 4, 8]",11.895864571446452,,quality_tiny_channelmask_256_t500_2026-07-08,/root/autodl-tmp/CoFiTok/checkpoints/quality_tiny_channelmask_256_t500_2026-07-08/quality_report.json,quality,139,val,5000,restricted,16,8,32,channel_mask,
/root/autodl-tmp/CoFiTok/checkpoints/train_tiny_imagenet_k8_epsilononly_p150eval_20k_2026-07-08/checkpoint_final.pt,,,,,,train_tiny_imagenet_k8_epsilononly_p150eval_20k_cuda,tiny_imagenet_200,,,,8,344.1619466114806,0.8354637034226997,0.547932431101799,0.12718003243207932,14.976410599312619,500,256,64,True,382.99050641924396,5.246194575142623,0.9283508273462454,True,8.189963210374117,81808,2,tiny_conv,True,"[1, 2, 4, 8]",-0.6955719762622218,,quality_tiny_epsilononly_20k_256_t500_lpips_inception_2026-07-08,/root/autodl-tmp/CoFiTok/checkpoints/quality_tiny_epsilononly_20k_256_t500_lpips_inception_2026-07-08/quality_report.json,quality,139,val,20000,restricted,16,8,32,epsilon_only,
/root/autodl-tmp/CoFiTok/checkpoints/train_tiny_imagenet_k8_epsilononly_p150eval_20k_seed2_cuda_2026-07-08/checkpoint_final.pt,,,,,,train_tiny_imagenet_k8_epsilononly_p150eval_20k_seed2_cuda,tiny_imagenet_200,,,,8,361.2747467786626,0.6664669249822331,0.5702542159706354,0.12540308781899512,15.037517610035962,500,1024,64,True,369.7992707363582,5.43335784137761,0.9390573604032397,True,7.957743939671976,81808,2,tiny_conv,True,"[1, 2, 4, 8]",-0.6000270146888956,,quality_tiny_epsilononly_20k_seed2_1024_t500_lpips_inception_2026-07-08,/root/autodl-tmp/CoFiTok/checkpoints/quality_tiny_epsilononly_20k_seed2_1024_t500_lpips_inception_2026-07-08/quality_report.json,quality,103,val,20000,restricted,16,8,32,epsilon_only,
/root/autodl-tmp/CoFiTok/checkpoints/train_tiny_imagenet_k8_epsilononly_p150eval_20k_seed2_cuda_2026-07-08/checkpoint_final.pt,,0.4360911548137665,0.1503584444318499,,,train_tiny_imagenet_k8_epsilononly_p150eval_20k_seed2_cuda,tiny_imagenet_200,,,,8,,0.6230955791495164,,0.1265654289960861,14.997448958090526,500,10000,64,False,,5.366479874751939,,False,7.955220888149737,81808,2,tiny_conv,True,"[1, 2, 4, 8]",-0.6055131769773178,,quality_tiny_epsilononly_20k_seed2_fullval_t500_2026-07-08,/root/autodl-tmp/CoFiTok/checkpoints/quality_tiny_epsilononly_20k_seed2_fullval_t500_2026-07-08/quality_report.json,quality,103,val,20000,restricted,16,8,32,epsilon_only,
/root/autodl-tmp/CoFiTok/checkpoints/train_tiny_imagenet_k8_epsilononly_p150eval_5k_2026-07-08/checkpoint_final.pt,,,,,,train_tiny_imagenet_k8_epsilononly_p150eval_5k_cuda,tiny_imagenet_200,,,,8,,1.1640757792201208,,0.14607827365398407,14.374743635787215,500,256,64,,,5.315526651101408,,False,8.361989942689737,81808,2,tiny_conv,True,"[1, 2, 4, 8]",-0.8792538640735726,,quality_tiny_epsilononly_256_t500_2026-07-08,/root/autodl-tmp/CoFiTok/checkpoints/quality_tiny_epsilononly_256_t500_2026-07-08/quality_report.json,quality,139,val,5000,restricted,16,8,32,epsilon_only,
/root/autodl-tmp/CoFiTok/checkpoints/train_tiny_imagenet_k8_epsilononly_p150eval_5k_2026-07-08/checkpoint_final.pt,,,,,,train_tiny_imagenet_k8_epsilononly_p150eval_5k_cuda,tiny_imagenet_200,,,,8,346.72604585694694,1.1640757792244858,,0.14607827365398407,14.374743635787215,500,256,64,True,383.4439336361905,5.315526651102123,,False,8.361989942689737,81808,2,tiny_conv,True,"[1, 2, 4, 8]",-0.8792538640735726,,quality_tiny_epsilononly_256_t500_inception_2026-07-08,/root/autodl-tmp/CoFiTok/checkpoints/quality_tiny_epsilononly_256_t500_inception_2026-07-08/quality_report.json,quality,139,val,5000,restricted,16,8,32,epsilon_only,
/root/autodl-tmp/CoFiTok/checkpoints/train_tiny_imagenet_k8_epsilononly_p150eval_5k_2026-07-08/checkpoint_final.pt,,,,,,train_tiny_imagenet_k8_epsilononly_p150eval_5k_cuda,tiny_imagenet_200,,,,8,346.72604585694694,1.1640757792244858,0.5688748732209206,0.14607827365398407,14.374743635787215,500,256,64,True,383.4439336361905,5.315526651102123,0.9264446360369524,True,8.361989942689737,81808,2,tiny_conv,True,"[1, 2, 4, 8]",-0.8792538640735726,,quality_tiny_epsilononly_256_t500_lpips_inception_2026-07-08,/root/autodl-tmp/CoFiTok/checkpoints/quality_tiny_epsilononly_256_t500_lpips_inception_2026-07-08/quality_report.json,quality,139,val,5000,restricted,16,8,32,epsilon_only,
/root/autodl-tmp/CoFiTok/checkpoints/train_tiny_imagenet_k8_channelmask_5k_2026-07-08/checkpoint_final.pt,"[0.9796845713357252, 0.019345146860520756, 0.0003830952502877981, 0.00013143712941570833, 7.514196240860193e-05, 5.1053123472353836e-05, 0.0001140400490268113, 0.00021551428914276627]",0.5777571201324463,0.08581501032624926,ordered,"[0, 1, 2, 3, 4, 5, 6, 7]",train_tiny_imagenet_k8_channelmask_5k_cuda,tiny_imagenet_200,5.060985294015457,0.0,1.1103683628655274,8,290.04602656937067,4.281337023064909,0.6633553765714169,0.19976068753749132,13.015499672248357,500,512,64,True,302.1775672834683,5.557175493751173,0.7942310043921074,True,0.2666647178120911,81808,2,tiny_conv,True,"[1, 2, 4, 8]",11.953769314002505,0,quality_tiny_imagenet_channelmask_5k_512_t500_2026-07-11_fair_p0,/root/autodl-tmp/CoFiTok/checkpoints/quality_tiny_imagenet_channelmask_5k_512_t500_2026-07-11_fair_p0/quality_report.json,quality,139,val,5000,restricted,16,8,32,channel_mask,0.0
/root/autodl-tmp/CoFiTok/checkpoints/train_tiny_imagenet_k8_denoisepath_p150_light_cleanmono_5k_cuda_2026-07-09/checkpoint_final.pt,,0.8707659840583801,0.7047218552657536,,,train_tiny_imagenet_k8_denoisepath_p150_light_cleanmono_5k_cuda,tiny_imagenet_200,,,,8,349.1997856223962,0.8460484905259598,0.546789888292551,0.14768752083182335,14.327161910928112,500,512,64,True,378.224011970294,4.970114838428306,0.9256346269200245,True,6.853807155663769,81808,2,tiny_conv,True,"[1, 2, 4, 8]",-0.011031672967180365,,quality_tiny_imagenet_cleanmono_5k_512_t500_lpips_inception_2026-07-09,/root/autodl-tmp/CoFiTok/checkpoints/quality_tiny_imagenet_cleanmono_5k_512_t500_lpips_inception_2026-07-09/quality_report.json,quality,163,val,5000,restricted,16,8,32,clean_monotonic_ablation,
/root/autodl-tmp/CoFiTok/checkpoints/train_tiny_imagenet_k8_denoisepath_p150_light_5k_2026-07-08/checkpoint_final.pt,"[0.02452127273782642, 0.0336455198859383, 0.09250681715259966, 0.12223228999843373, 0.14730258128555432, 0.18924644283273695, 0.18657346618009263, 0.20397160992681795]",0.8493800163269043,0.7222643281732287,ordered,"[0, 1, 2, 3, 4, 5, 6, 7]",train_tiny_imagenet_k8_denoisepath_p150_light_5k_cuda,tiny_imagenet_200,0.07306930491800553,0.0,6.799500588177456,8,332.290959689063,1.0660552437771347,0.5605149380862713,0.14698216412216425,14.34795353813012,500,512,64,True,350.9370620413375,4.20575388254819,0.9333839828946761,True,4.691086306702346,81808,2,tiny_conv,True,"[1, 2, 3, 4, 5, 6, 7, 8]",1.5963270263302447,0,quality_tiny_imagenet_cofitok_5k_512_t500_2026-07-11_fair_p0,/root/autodl-tmp/CoFiTok/checkpoints/quality_tiny_imagenet_cofitok_5k_512_t500_2026-07-11_fair_p0/quality_report.json,quality,139,val,5000,restricted,16,8,32,light_denoise_path,0.0
/root/autodl-tmp/CoFiTok/checkpoints/train_tiny_imagenet_k8_denoisepath_p150_light_deepsk_5k_cuda_2026-07-09/checkpoint_final.pt,,0.9628143906593323,0.8378166811806815,,,train_tiny_imagenet_k8_denoisepath_p150_light_deepsk_5k_cuda,tiny_imagenet_200,,,,8,321.92534572042257,0.9380859009311824,0.5747742876410484,0.14528780709952116,14.39830822532953,500,512,64,True,376.6838605217836,5.076873923588625,0.9369733761996031,True,6.707754521785925,272800,2,tiny_conv,True,"[1, 2, 4, 8]",0.08476546411313161,,quality_tiny_imagenet_deepsk_5k_512_t500_lpips_inception_2026-07-09,/root/autodl-tmp/CoFiTok/checkpoints/quality_tiny_imagenet_deepsk_5k_512_t500_lpips_inception_2026-07-09/quality_report.json,quality,139,val,5000,deep_decoder,16,8,32,deep_synthesis_ablation,
/root/autodl-tmp/CoFiTok/checkpoints/train_tiny_imagenet_k8_densehead_p150eval_5k_cuda_2026-07-11_dense_monolithic/checkpoint_final.pt,[1.0],0.0,0.0,ordered,[0],train_tiny_imagenet_k8_densehead_p150eval_5k_cuda,tiny_imagenet_200,0.143484010361135,0.0,1.0,1,336.1886635501546,1.0169285705542075,0.5574686974287033,0.143484010361135,14.452564846749443,500,512,64,True,336.1886635501546,1.0169285705542075,0.5574686974287033,True,0.143484010361135,80707,2,tiny_conv,False,[1],14.452564846749443,0,quality_tiny_imagenet_dense_monolithic_5k_512_t500_2026-07-11_dense_monolithic,/root/autodl-tmp/CoFiTok/checkpoints/quality_tiny_imagenet_dense_monolithic_5k_512_t500_2026-07-11_dense_monolithic/quality_report.json,quality,139,val,5000,dense_identity,3,1,32,dense_monolithic,0.0
/root/autodl-tmp/CoFiTok/checkpoints/train_tiny_imagenet_k8_epsilononly_p150eval_5k_2026-07-08/checkpoint_final.pt,"[0.00973861874077491, 0.013318877679347755, 0.04581904077231287, 0.1111287990751922, 0.11297170752684559, 0.13466660197496313, 0.3181396092890481, 0.2542167449415154]",0.4596090614795685,0.1449380229626383,ordered,"[0, 1, 2, 3, 4, 5, 6, 7]",train_tiny_imagenet_k8_epsilononly_p150eval_5k_cuda,tiny_imagenet_200,1.117717830663813,0.0,5.567321163519911,8,334.32865913621197,1.038883676087347,0.5644220374524593,0.1442414354532957,14.429699556062449,500,512,64,True,372.66570618276,5.675014066547136,0.9204380115760225,True,7.00176282745919,81808,2,tiny_conv,True,"[1, 2, 3, 4, 5, 6, 7, 8]",-1.03378312290147,0,quality_tiny_imagenet_endpoint_only_5k_512_t500_2026-07-11_fair_p0,/root/autodl-tmp/CoFiTok/checkpoints/quality_tiny_imagenet_endpoint_only_5k_512_t500_2026-07-11_fair_p0/quality_report.json,quality,139,val,5000,restricted,16,8,32,epsilon_only,0.0
/root/autodl-tmp/CoFiTok/checkpoints/train_tiny_imagenet_k8_denoisepath_p150_light_nopathprefix_5k_cuda_2026-07-09/checkpoint_final.pt,,0.8984222412109375,0.6945142831121173,,,train_tiny_imagenet_k8_denoisepath_p150_light_nopathprefix_5k_cuda,tiny_imagenet_200,,,,8,329.97609513717236,0.8851916238287236,0.556021936237812,0.14212949387729168,14.493757818097915,500,512,64,True,372.1993399543806,5.096394502377531,0.9376077068348726,True,7.03009407936285,81808,2,tiny_conv,True,"[1, 2, 4, 8]",-0.13941962602440228,,quality_tiny_imagenet_nopathprefix_5k_512_t500_lpips_inception_2026-07-09,/root/autodl-tmp/CoFiTok/checkpoints/quality_tiny_imagenet_nopathprefix_5k_512_t500_lpips_inception_2026-07-09/quality_report.json,quality,157,val,5000,restricted,16,8,32,no_prefix_loss_ablation,
/root/autodl-tmp/CoFiTok/checkpoints/train_tiny_imagenet_k8_denoisepath_p150_light_simultaneous_5k_cuda_2026-07-09/checkpoint_final.pt,,0.8366124629974365,0.7200429780142648,,,train_tiny_imagenet_k8_denoisepath_p150_light_simultaneous_5k_cuda,tiny_imagenet_200,,,,8,338.9334922338461,0.8994749022877654,0.5595599412918091,0.1493765888735652,14.27777453552222,500,512,64,True,375.9248611000641,4.986047268711118,0.929088469594717,True,6.623032513229798,76096,2,tiny_conv,False,"[1, 2, 4, 8]",0.0714130249852835,,quality_tiny_imagenet_simultaneous_5k_512_t500_lpips_inception_2026-07-09,/root/autodl-tmp/CoFiTok/checkpoints/quality_tiny_imagenet_simultaneous_5k_512_t500_lpips_inception_2026-07-09/quality_report.json,quality,139,val,5000,restricted,16,8,32,simultaneous_predictor,
/root/autodl-tmp/CoFiTok/checkpoints/train_tiny_imagenet_k8_denoisepath_p150_light_20k_2026-07-08/checkpoint_final.pt,,,,,,train_tiny_imagenet_k8_denoisepath_p150_light_20k_cuda,tiny_imagenet_200,,,,8,346.08296158257315,0.9674120694056889,0.5504850894212723,0.13048716075718403,14.864922098193546,500,256,64,True,384.5499133057606,5.192594111836183,0.9241786375641823,True,6.6038557616993785,81808,2,tiny_conv,True,"[1, 2, 4, 8]",0.20313344887330262,,quality_tiny_k8_light_20k_256_t500_lpips_inception_2026-07-08,/root/autodl-tmp/CoFiTok/checkpoints/quality_tiny_k8_light_20k_256_t500_lpips_inception_2026-07-08/quality_report.json,quality,139,val,20000,restricted,16,8,32,light_denoise_path,
/root/autodl-tmp/CoFiTok/checkpoints/train_tiny_imagenet_k8_denoisepath_p150_light_20k_seed2_cuda_2026-07-08/checkpoint_final.pt,,,,,,train_tiny_imagenet_k8_denoisepath_p150_light_20k_seed2_cuda,tiny_imagenet_200,,,,8,384.7222287488572,0.7836724336917666,0.584263401106,0.13061638036742806,14.860623468766871,500,1024,64,True,374.4284990758494,5.026268696682066,0.9255701260020336,True,6.587015780077006,81808,2,tiny_conv,True,"[1, 2, 4, 8]",0.2005221417398193,,quality_tiny_k8_light_20k_seed2_1024_t500_lpips_inception_2026-07-08,/root/autodl-tmp/CoFiTok/checkpoints/quality_tiny_k8_light_20k_seed2_1024_t500_lpips_inception_2026-07-08/quality_report.json,quality,103,val,20000,restricted,16,8,32,light_denoise_path,
/root/autodl-tmp/CoFiTok/checkpoints/train_tiny_imagenet_k8_denoisepath_p150_light_20k_seed2_cuda_2026-07-08/checkpoint_final.pt,,0.9644744992256165,0.8684084023611887,,,train_tiny_imagenet_k8_denoisepath_p150_light_20k_seed2_cuda,tiny_imagenet_200,,,,8,,0.7360110326797804,,0.13172113585472106,14.824045242735863,500,10000,64,False,,4.946370074509588,,False,6.584363319039345,81808,2,tiny_conv,True,"[1, 2, 4, 8]",0.19604748694056617,,quality_tiny_k8_light_20k_seed2_fullval_t500_2026-07-08,/root/autodl-tmp/CoFiTok/checkpoints/quality_tiny_k8_light_20k_seed2_fullval_t500_2026-07-08/quality_report.json,quality,103,val,20000,restricted,16,8,32,light_denoise_path,
/root/autodl-tmp/CoFiTok/checkpoints/train_tiny_imagenet_k8_denoisepath_p150_light_5k_2026-07-08/checkpoint_final.pt,,0.8493800163269043,0.7223122886248997,,,train_tiny_imagenet_k8_denoisepath_p150_light_5k_cuda,tiny_imagenet_200,,,,8,,1.1860510265100865,,0.14871828258037567,14.296956298288634,500,256,64,False,,5.257617365663472,,False,6.728809205194314,81808,2,tiny_conv,True,"[1, 2, 4, 8]",0.028644880521620248,,quality_tiny_k8_light_256_t500_2026-07-08,/root/autodl-tmp/CoFiTok/checkpoints/quality_tiny_k8_light_256_t500_2026-07-08/quality_report.json,quality,139,val,5000,restricted,16,8,32,light_denoise_path,
/root/autodl-tmp/CoFiTok/checkpoints/train_tiny_imagenet_k8_denoisepath_p150_light_5k_2026-07-08/checkpoint_final.pt,,,,,,train_tiny_imagenet_k8_denoisepath_p150_light_5k_cuda,tiny_imagenet_200,,,,8,343.6018997733511,1.186051026463265,,0.14871828258037567,14.296956298288634,500,256,64,True,384.5623707362145,5.25761736565373,,False,6.728809205194314,81808,2,tiny_conv,True,"[1, 2, 4, 8]",0.028644880521620248,,quality_tiny_k8_light_256_t500_inception_2026-07-08,/root/autodl-tmp/CoFiTok/checkpoints/quality_tiny_k8_light_256_t500_inception_2026-07-08/quality_report.json,quality,139,val,5000,restricted,16,8,32,light_denoise_path,
/root/autodl-tmp/CoFiTok/checkpoints/train_tiny_imagenet_k8_denoisepath_p150_light_5k_2026-07-08/checkpoint_final.pt,,,,,,train_tiny_imagenet_k8_denoisepath_p150_light_5k_cuda,tiny_imagenet_200,,,,8,343.6018997733511,1.186051026463265,0.5651519522070885,0.14871828258037567,14.296956298288634,500,256,64,True,384.5623707362145,5.25761736565373,0.9251606265703837,True,6.728809205194314,81808,2,tiny_conv,True,"[1, 2, 4, 8]",0.028644880521620248,,quality_tiny_k8_light_256_t500_lpips_inception_2026-07-08,/root/autodl-tmp/CoFiTok/checkpoints/quality_tiny_k8_light_256_t500_lpips_inception_2026-07-08/quality_report.json,quality,139,val,5000,restricted,16,8,32,light_denoise_path,
/root/autodl-tmp/CoFiTok/checkpoints/train_tiny_imagenet_k8_denoisepath_p150_light_5k_seed2_2026-07-08/checkpoint_final.pt,,0.8613921403884888,0.6966809460094997,,,train_tiny_imagenet_k8_denoisepath_p150_light_5k_seed2_cuda,tiny_imagenet_200,,,,8,,1.0831315595460067,,0.15034622699022293,14.249674575803976,500,256,64,False,,5.243868146429924,,False,6.7425143631796045,81808,2,tiny_conv,True,"[1, 2, 4, 8]",-0.007607848575869862,,quality_tiny_k8_light_5k_seed2_256_t500_2026-07-08,/root/autodl-tmp/CoFiTok/checkpoints/quality_tiny_k8_light_5k_seed2_256_t500_2026-07-08/quality_report.json,quality,103,val,5000,restricted,16,8,32,light_denoise_path,
/root/autodl-tmp/CoFiTok/checkpoints/train_tiny_imagenet_k8_denoisepath_p150_light_cleanmono_10k_cuda_2026-07-08/checkpoint_final.pt,,,,,,train_tiny_imagenet_k8_denoisepath_p150_light_cleanmono_10k_cuda,tiny_imagenet_200,,,,8,353.30661368674305,0.8550537402437536,0.5686544422060251,0.13460970227606595,14.729836276279684,500,1024,64,True,369.86791671494484,5.1776826680180905,0.9251877482359608,True,6.735984196770005,81808,2,tiny_conv,True,"[1, 2, 4, 8]",0.11968802052795861,,quality_tiny_k8_light_cleanmono_10k_1024_t500_lpips_inception_2026-07-08,/root/autodl-tmp/CoFiTok/checkpoints/quality_tiny_k8_light_cleanmono_10k_1024_t500_lpips_inception_2026-07-08/quality_report.json,quality,163,val,10000,restricted,16,8,32,clean_monotonic_ablation,
/root/autodl-tmp/CoFiTok/checkpoints/train_tiny_imagenet_k8_denoisepath_p150_light_decorw0003_sched3000w1500_5k_2026-07-08/checkpoint_final.pt,,0.8368000388145447,0.6889802983828953,,,train_tiny_imagenet_k8_denoisepath_p150_light_decorw0003_sched3000w1500_5k_cuda,tiny_imagenet_200,,,,8,,1.1843151370034009,,0.14856731332838535,14.301367216248664,500,256,64,False,,5.270710114818562,,False,6.783633628549675,81808,2,tiny_conv,True,"[1, 2, 4, 8]",-0.00036436996443208375,,quality_tiny_k8_light_decorw0003_sched3000w1500_5k_256_t500_2026-07-08,/root/autodl-tmp/CoFiTok/checkpoints/quality_tiny_k8_light_decorw0003_sched3000w1500_5k_256_t500_2026-07-08/quality_report.json,quality,139,val,5000,restricted,16,8,32,component_decorrelation_ablation,
/root/autodl-tmp/CoFiTok/checkpoints/train_tiny_imagenet_k8_denoisepath_p150_light_decorw0003_sched3000w1500_5k_seed2_2026-07-08/checkpoint_final.pt,,0.8515139818191528,0.6643594758851188,,,train_tiny_imagenet_k8_denoisepath_p150_light_decorw0003_sched3000w1500_5k_seed2_cuda,tiny_imagenet_200,,,,8,,1.0878558825353823,,0.15013026259839535,14.25591747087622,500,256,64,False,,5.263360647048266,,False,6.784789660014212,81808,2,tiny_conv,True,"[1, 2, 4, 8]",-0.029874054970556212,,quality_tiny_k8_light_decorw0003_sched3000w1500_5k_seed2_256_t500_2026-07-08,/root/autodl-tmp/CoFiTok/checkpoints/quality_tiny_k8_light_decorw0003_sched3000w1500_5k_seed2_256_t500_2026-07-08/quality_report.json,quality,103,val,5000,restricted,16,8,32,component_decorrelation_ablation,
/root/autodl-tmp/CoFiTok/checkpoints/train_tiny_imagenet_k8_denoisepath_p150_light_decorw0005_5k_2026-07-08/checkpoint_final.pt,,0.8091151118278503,0.5904444966997419,,,train_tiny_imagenet_k8_denoisepath_p150_light_decorw0005_5k_cuda,tiny_imagenet_200,,,,8,,1.1711288740843393,,0.1480795294046402,14.315649657647242,500,256,64,False,,5.353079505238512,,False,7.09830675770839,81808,2,tiny_conv,True,"[1, 2, 4, 8]",-0.15610124538639583,,quality_tiny_k8_light_decorw0005_5k_256_t500_2026-07-08,/root/autodl-tmp/CoFiTok/checkpoints/quality_tiny_k8_light_decorw0005_5k_256_t500_2026-07-08/quality_report.json,quality,139,val,5000,restricted,16,8,32,component_decorrelation_ablation,
/root/autodl-tmp/CoFiTok/checkpoints/train_tiny_imagenet_k8_denoisepath_p150_light_decorw0005_sched2500w1500_5k_2026-07-08/checkpoint_final.pt,,0.823351263999939,0.6207762360572815,,,train_tiny_imagenet_k8_denoisepath_p150_light_decorw0005_sched2500w1500_5k_cuda,tiny_imagenet_200,,,,8,,1.1659146791592288,,0.14803966507315636,14.316818974572023,500,256,64,False,,5.278263546793946,,False,6.926573608691494,81808,2,tiny_conv,True,"[1, 2, 4, 8]",-0.07243809496170457,,quality_tiny_k8_light_decorw0005_sched2500w1500_5k_256_t500_2026-07-08,/root/autodl-tmp/CoFiTok/checkpoints/quality_tiny_k8_light_decorw0005_sched2500w1500_5k_256_t500_2026-07-08/quality_report.json,quality,139,val,5000,restricted,16,8,32,component_decorrelation_ablation,
/root/autodl-tmp/CoFiTok/checkpoints/train_tiny_imagenet_k8_denoisepath_p150_light_multiscale_10k_cuda_2026-07-08/checkpoint_final.pt,,,,,,train_tiny_imagenet_k8_denoisepath_p150_light_multiscale_10k_cuda,tiny_imagenet_200,,,,8,226.00635931364764,0.23943030376040347,0.5059545962139964,0.10890254215337336,15.6502197355294,500,1024,64,True,349.8877537380983,4.997017993939222,0.909588443270574,True,6.651335914658072,1660912,2,multiscale_unet,True,"[1, 2, 4, 8]",0.3041891851304914,,quality_tiny_k8_light_multiscale_10k_1024_t500_lpips_inception_2026-07-08,/root/autodl-tmp/CoFiTok/checkpoints/quality_tiny_k8_light_multiscale_10k_1024_t500_lpips_inception_2026-07-08/quality_report.json,quality,151,val,10000,restricted,16,8,24,light_denoise_path,
/root/autodl-tmp/CoFiTok/checkpoints/train_tiny_imagenet_k8_denoisepath_p150_light_nopathprefix_10k_cuda_2026-07-08/checkpoint_final.pt,,,,,,train_tiny_imagenet_k8_denoisepath_p150_light_nopathprefix_10k_cuda,tiny_imagenet_200,,,,8,318.79773477703816,0.8202076202662951,0.5567605961114168,0.13483772706240416,14.722485682486472,500,1024,64,True,364.0670209485179,5.225707991883358,0.9284660443663597,True,7.012351112285008,81808,2,tiny_conv,True,"[1, 2, 4, 8]",-0.06593864555481736,,quality_tiny_k8_light_nopathprefix_10k_1024_t500_lpips_inception_2026-07-08,/root/autodl-tmp/CoFiTok/checkpoints/quality_tiny_k8_light_nopathprefix_10k_1024_t500_lpips_inception_2026-07-08/quality_report.json,quality,157,val,10000,restricted,16,8,32,no_prefix_loss_ablation,
